[{"model": "admin.logentry", "pk": 1, "fields": {"action_time": "2023-10-27T14:25:35.119Z", "user": 1, "content_type": 13, "object_id": "1", "object_repr": "Проектирование ИС", "action_flag": 1, "change_message": "[{\"added\": {}}]"}}, {"model": "admin.logentry", "pk": 2, "fields": {"action_time": "2023-10-27T17:03:24.204Z", "user": 1, "content_type": 14, "object_id": "1", "object_repr": "Проектирование ИС - Казанова Александра sandra87.87@mail.ru", "action_flag": 1, "change_message": "[{\"added\": {}}]"}}, {"model": "admin.logentry", "pk": 3, "fields": {"action_time": "2023-10-27T17:03:34.237Z", "user": 1, "content_type": 14, "object_id": "1", "object_repr": "Проектирование ИС - Казанова Александра sandra87.87@mail.ru", "action_flag": 2, "change_message": "[]"}}, {"model": "admin.logentry", "pk": 4, "fields": {"action_time": "2023-10-27T17:04:55.270Z", "user": 1, "content_type": 14, "object_id": "2", "object_repr": "Проектирование ИС -   shikul_m@mail.ru", "action_flag": 1, "change_message": "[{\"added\": {}}]"}}, {"model": "admin.logentry", "pk": 5, "fields": {"action_time": "2023-10-27T17:14:08.484Z", "user": 1, "content_type": 15, "object_id": "1", "object_repr": "Введение в проектирование", "action_flag": 1, "change_message": "[{\"added\": {}}]"}}, {"model": "admin.logentry", "pk": 6, "fields": {"action_time": "2023-10-27T17:17:11.998Z", "user": 1, "content_type": 15, "object_id": "1", "object_repr": "Введение в проектирование", "action_flag": 2, "change_message": "[]"}}, {"model": "admin.logentry", "pk": 7, "fields": {"action_time": "2023-10-27T17:22:57.470Z", "user": 1, "content_type": 15, "object_id": "2", "object_repr": "Моделирование информационных систем", "action_flag": 1, "change_message": "[{\"added\": {}}]"}}, {"model": "admin.logentry", "pk": 8, "fields": {"action_time": "2023-10-27T17:26:56.092Z", "user": 1, "content_type": 13, "object_id": "2", "object_repr": "Базы данных", "action_flag": 1, "change_message": "[{\"added\": {}}]"}}, {"model": "admin.logentry", "pk": 9, "fields": {"action_time": "2023-10-27T17:33:19.426Z", "user": 1, "content_type": 16, "object_id": "1", "object_repr": "Конспект лекций по ПИС (воентех)", "action_flag": 1, "change_message": "[{\"added\": {}}]"}}, {"model": "admin.logentry", "pk": 10, "fields": {"action_time": "2023-10-27T17:41:38.206Z", "user": 1, "content_type": 18, "object_id": "1", "object_repr": "Что такое \"Проектирование ИС\"?", "action_flag": 1, "change_message": "[{\"added\": {}}]"}}, {"model": "admin.logentry", "pk": 11, "fields": {"action_time": "2023-10-27T17:42:04.820Z", "user": 1, "content_type": 18, "object_id": "2", "object_repr": "Что такое нотация?", "action_flag": 1, "change_message": "[{\"added\": {}}]"}}, {"model": "admin.logentry", "pk": 12, "fields": {"action_time": "2023-10-27T17:42:38.115Z", "user": 1, "content_type": 18, "object_id": "3", "object_repr": "Что такое методология проектирования?", "action_flag": 1, "change_message": "[{\"added\": {}}]"}}, {"model": "admin.logentry", "pk": 13, "fields": {"action_time": "2023-10-27T17:42:57.542Z", "user": 1, "content_type": 18, "object_id": "4", "object_repr": "Что такое семантика?", "action_flag": 1, "change_message": "[{\"added\": {}}]"}}, {"model": "admin.logentry", "pk": 14, "fields": {"action_time": "2023-10-27T17:43:05.055Z", "user": 1, "content_type": 18, "object_id": "4", "object_repr": "Что такое семантика?", "action_flag": 2, "change_message": "[{\"changed\": {\"fields\": [\"\\u0420\\u0430\\u0437\\u0434\\u0435\\u043b\"]}}]"}}, {"model": "admin.logentry", "pk": 15, "fields": {"action_time": "2023-10-27T17:43:50.224Z", "user": 1, "content_type": 18, "object_id": "5", "object_repr": "Что такое структурный подход к проектированию ИС?", "action_flag": 1, "change_message": "[{\"added\": {}}]"}}, {"model": "admin.logentry", "pk": 16, "fields": {"action_time": "2023-10-27T17:44:16.141Z", "user": 1, "content_type": 18, "object_id": "6", "object_repr": "Что такое объектно-ориентированный подход к проектированию ИС?", "action_flag": 1, "change_message": "[{\"added\": {}}]"}}, {"model": "admin.logentry", "pk": 17, "fields": {"action_time": "2023-10-27T17:45:31.805Z", "user": 1, "content_type": 18, "object_id": "7", "object_repr": "Чем отличаются структурный и объектно-ориентированный подход к моделированию ИС?", "action_flag": 1, "change_message": "[{\"added\": {}}]"}}, {"model": "admin.logentry", "pk": 18, "fields": {"action_time": "2023-10-27T17:54:48.950Z", "user": 1, "content_type": 17, "object_id": "1", "object_repr": "ничем", "action_flag": 1, "change_message": "[{\"added\": {}}]"}}, {"model": "admin.logentry", "pk": 19, "fields": {"action_time": "2023-10-27T18:15:30.925Z", "user": 1, "content_type": 17, "object_id": "2", "object_repr": "Структурный подход рассматривает отдельно данные и процессы их обработки, а объектно-ориентированный - вместе", "action_flag": 1, "change_message": "[{\"added\": {}}]"}}, {"model": "admin.logentry", "pk": 20, "fields": {"action_time": "2023-10-27T18:17:41.894Z", "user": 1, "content_type": 17, "object_id": "3", "object_repr": "В основе структурного подхода рассматривается организационная структура, а в основе объектно-ориентированного - направление перемещения объектов", "action_flag": 1, "change_message": "[{\"added\": {}}]"}}, {"model": "admin.logentry", "pk": 21, "fields": {"action_time": "2023-10-27T18:24:00.349Z", "user": 1, "content_type": 19, "object_id": "1", "object_repr": "Казанова Александра sandra87.87@mail.ru - Введение в проектирование (inter): 25.0", "action_flag": 1, "change_message": "[{\"added\": {}}]"}}, {"model": "admin.logentry", "pk": 22, "fields": {"action_time": "2023-10-27T18:24:35.212Z", "user": 1, "content_type": 19, "object_id": "2", "object_repr": "Казанова Александра sandra87.87@mail.ru - Проектирование ИС (final): 10.0", "action_flag": 1, "change_message": "[{\"added\": {}}]"}}, {"model": "admin.logentry", "pk": 23, "fields": {"action_time": "2023-10-30T11:49:04.538Z", "user": 1, "content_type": 13, "object_id": "2", "object_repr": "Базы данных", "action_flag": 2, "change_message": "[{\"changed\": {\"fields\": [\"\\u0410\\u0432\\u0442\\u043e\\u0440\"]}}]"}}, {"model": "admin.logentry", "pk": 24, "fields": {"action_time": "2023-10-30T11:49:43.719Z", "user": 1, "content_type": 13, "object_id": "3", "object_repr": "Программирование на Python", "action_flag": 3, "change_message": ""}}, {"model": "admin.logentry", "pk": 25, "fields": {"action_time": "2023-10-30T11:58:06.651Z", "user": 1, "content_type": 13, "object_id": "4", "object_repr": "Программирование на Python", "action_flag": 3, "change_message": ""}}, {"model": "admin.logentry", "pk": 26, "fields": {"action_time": "2023-10-31T18:38:07.160Z", "user": 1, "content_type": 14, "object_id": "1", "object_repr": "Проектирование ИС - Казанова Александра sandra87.87@mail.ru", "action_flag": 3, "change_message": ""}}, {"model": "admin.logentry", "pk": 27, "fields": {"action_time": "2023-10-31T18:38:07.166Z", "user": 1, "content_type": 14, "object_id": "2", "object_repr": "Проектирование ИС -   shikul_m@mail.ru", "action_flag": 3, "change_message": ""}}, {"model": "admin.logentry", "pk": 28, "fields": {"action_time": "2023-10-31T18:51:21.114Z", "user": 1, "content_type": 14, "object_id": "5", "object_repr": "Проектирование ИС - Казанова Александра sandra87.87@mail.ru", "action_flag": 3, "change_message": ""}}, {"model": "admin.logentry", "pk": 29, "fields": {"action_time": "2023-10-31T18:53:45.377Z", "user": 1, "content_type": 14, "object_id": "7", "object_repr": "Проектирование ИС - Казанова Александра sandra87.87@mail.ru", "action_flag": 3, "change_message": ""}}, {"model": "admin.logentry", "pk": 30, "fields": {"action_time": "2023-10-31T19:04:02.055Z", "user": 1, "content_type": 14, "object_id": "9", "object_repr": "Проектирование ИС - Казанова Александра sandra87.87@mail.ru", "action_flag": 3, "change_message": ""}}, {"model": "admin.logentry", "pk": 31, "fields": {"action_time": "2023-11-04T13:29:12.802Z", "user": 1, "content_type": 13, "object_id": "5", "object_repr": "Программирование на Python", "action_flag": 2, "change_message": "[{\"changed\": {\"fields\": [\"\\u0410\\u0432\\u0442\\u043e\\u0440\"]}}]"}}, {"model": "sessions.session", "pk": "nw62y4y3pbfq3ok9pgx6bsxl58nw5up5", "fields": {"session_data": ".eJxVjEEOwiAQRe_C2pBS6gAu3fcMZIYZpGpoUtqV8e7apAvd_vfef6mI21ri1mSJE6uLMur0uxGmh9Qd8B3rbdZprusykd4VfdCmx5nleT3cv4OCrXzr4PPABNZaIgqJss-YHXkwZ4fsLXjAYNB1iRHEioWB-tyjAzIGpFPvDwKOOGg:1qw4Et:w0ird3Jea30yFZLhE8BHBhkJS8_JT0K9KxuAHZVx4EM", "expire_date": "2023-11-09T17:33:47.682Z"}}, {"model": "users.user", "pk": 1, "fields": {"password": "pbkdf2_sha256$260000$w0fCzNCXHTPmZEVCa9Hn5M$UdafZ6Pl7p8m1N7AAU7VcTo/udolMlYN6WikAM2FXgs=", "last_login": "2023-10-26T17:33:47.680Z", "is_superuser": true, "is_staff": true, "is_active": true, "date_joined": "2023-10-26T17:13:49.574Z", "email": "shikul_m@mail.ru", "first_name": "", "last_name": "", "avatar": "", "groups": [], "user_permissions": []}}, {"model": "users.user", "pk": 2, "fields": {"password": "pbkdf2_sha256$260000$Sz03by78zg5dtB8QhcKtpG$HUVAFagJE5+3GGwhNQB5n0T9BjULYt5SlzLKvNWWvSA=", "last_login": null, "is_superuser": false, "is_staff": false, "is_active": true, "date_joined": "2023-10-27T16:15:21.689Z", "email": "sandra87.87@mail.ru", "first_name": "Александра", "last_name": "Казанова", "avatar": "", "groups": [], "user_permissions": []}}, {"model": "users.user", "pk": 3, "fields": {"password": "pbkdf2_sha256$260000$SyPYcCEk4Z6zn6y12PnZvT$sUtXnOnz+O3yeF4mWHK/MqU+j5EI7yEVKW7PMCbf8vA=", "last_login": null, "is_superuser": false, "is_staff": false, "is_active": true, "date_joined": "2023-10-30T12:08:00.807Z", "email": "igor@gmail.com", "first_name": "Игорь", "last_name": "Бороздов", "avatar": "", "groups": [], "user_permissions": []}}, {"model": "users.user", "pk": 4, "fields": {"password": "pbkdf2_sha256$260000$wPJ1qHuJOYe6mnyAcn2x9v$9dYjRoODI3W9cuiUBeEHDCjBUeh+uqfda2E3nK6lFGE=", "last_login": null, "is_superuser": false, "is_staff": false, "is_active": true, "date_joined": "2023-11-04T12:56:33.020Z", "email": "vallocair@mail.ru", "first_name": "Александр", "last_name": "Володин", "avatar": "", "groups": [], "user_permissions": []}}, {"model": "study.subject", "pk": 1, "fields": {"title": "Проектирование ИС", "description": "В рамках дисциплины изучаются подходы и нотации проектирования информационных систем", "author": 1}}, {"model": "study.subject", "pk": 2, "fields": {"title": "Базы данных", "description": "В дисциплине рассматривается теория по БД, язык SQL", "author": 2}}, {"model": "study.subject", "pk": 5, "fields": {"title": "Программирование на Python", "description": "В курсе размещены материалы по Python, включая основы Python и Django", "author": 2}}, {"model": "study.subject", "pk": 6, "fields": {"title": "Разработка frontend", "description": "Содержит материалы для разработки Frontend", "author": 2}}, {"model": "study.subject", "pk": 7, "fields": {"title": "Имитационное моделирование", "description": "Содержит материалы по имитационному моделированию", "author": 3}}, {"model": "study.subject", "pk": 8, "fields": {"title": "Анализ данных", "description": "Содержит много полезной информации по анализу данных", "author": 3}}, {"model": "study.accesssubjectgroup", "pk": 14, "fields": {"subject": 1, "user": 3}}, {"model": "study.accesssubjectgroup", "pk": 17, "fields": {"subject": 2, "user": 3}}, {"model": "study.accesssubjectgroup", "pk": 18, "fields": {"subject": 7, "user": 3}}, {"model": "study.accesssubjectgroup", "pk": 24, "fields": {"subject": 5, "user": 3}}, {"model": "study.part", "pk": 1, "fields": {"title": "Введение в проектирование", "description": "Введение в проектирование, основные понятия проектирования (процесс проектирования, объект проектирования, логическая схема проектирования, методология проектирования,\r\nпроблемы в проектировании", "content": "Проект (от латинского projectus-буквально: брошенный вперед)\r\na) Совокупность документов (расчетов, чертежей) для создания какого либо\r\nсооружения или изделия;\r\nb) Предварительный текст документа;\r\nc) Замысел, план, прототип, прообраз какого либо объекта;\r\nОбъект проектирования\r\na) Предвидимый объект;\r\nb) Некая система, которая будет и которая должна заполнить функциональную\r\nнишу во внешней среде;\r\nc) Конструируемый идеальный объект, чье качество меняется от одной стадии\r\nпроектирования к другой стадии проектирования;\r\nd) Развивающаяся «модель будущего» ;\r\ne) Объект проектирования есть «процесс проектирования объекта», то есть\r\nсистема получения взаимосвязанных проектных решений (ПР) – моделей\r\nбудущего;\r\nf) Объект проектирования раскрывается в логической схеме проектирования\r\n(ЛСП) через систему проектных решений;\r\ng) Объектом проектирования является жизненный цикл; жизненный цикл как\r\nструктурно-процессуальный срез объекта проектирования оказывается тождественным самому объекту;\r\nh) Объект проектирования есть перевод цели в результат (процесс трансформаций исходных данных в результат) ;\r\ni) Объектом проектирования является информация об объекте проектирования, информационная модель объекта;", "subject": 1, "order_id": 1, "date_create": "2023-10-27T17:14:08.483Z", "last_update": "2023-10-27T17:17:11.996Z", "quest_to_test": 5}}, {"model": "study.part", "pk": 2, "fields": {"title": "Моделирование информационных систем", "description": "В общем случае модели проектируемых\r\nобъектов являются знаниями о будущей технической системе и могут быть описаны с помощью следующих теоретических схем: функциональных, поточных и\r\nструктурных. С помощью этих схем обычно раскрываются теоретические (мыслимые) аспекты научно-технические знания. Рассмотрим подробнее эти схемы.", "content": "Поточная схема, или схема функционирования, описывает процессы, протекающие в технической системе и связывающие ее элементы в единое целое. Блоки таких схем отражают различные действия, выполняемые над естественным\r\nпроцессом элементами технической системы в ходе ее функционирования.\r\nДля каждого вида процесса применяется наиболее адекватный ему математический аппарат, призванный обеспечить эффективный анализ поточной схемы\r\nтехнической системы в данном режиме ее функционирования. Заметим, что для\r\nразных режимов функционирования технической системы может быть построено\r\nнесколько поточных и функциональных схем.\r\nПоточные схемы в общем случае отображают не обязательно только физические процессы (электрические, механические, гидравлические и т.д.), но и химические, если речь идет о теоретических основах химической технологии и вообще\r\nлюбые (например, информационные) процессы. В предельно общем случае поточные схемы отображают не только естественные процессы, но и вообще любые\r\nпотоки субстанции (вещества, энергии, информации). Причем в частном случае\r\nэти процессы могут быть редуцированы к стационарным состояниям, но последние могут рассматриваться как вырожденный частный случай процесса.\r\nСтруктурная схема технической системы фиксирует те узловые точки, на которые замыкаются потоки (процессы функционирования). Это могут быть единицы\r\nоборудования, детали или даже целые технические комплексы, представляющие\r\nсобой конструктивные элементы различного уровня, входящие в данную техническую систему, которые могут отличаться по принципу действия, техническому исполнению и ряду других характеристик. Такие элементы обладают, кроме функциональных свойств, свойствами второго порядка, т.е. теми, которые привносят с\r\nсобой в систему определенным образом реализованные элементы, в том числе и\r\nнежелательными (например, усилитель - искажения усиливаемого сигнала).\r\nСтруктурная схема фиксирует конструктивное расположение элементов и связей\r\n(т.е. структуру) данной технической системы и уже предполагает определенный\r\nспособ ее реализации. Такие схемы, однако, сами уже являются результатом некоторой идеализации, отображают структуру технической системы, но не являются ни ее скрупулезным описанием в целях воспроизведения, ни ее техническим\r\nпроектом, по которому может быть построена такая система. Такая схема пока\r\nеще теоретический набросок структуры будущей технической системы, который\r\nможет помочь разработать ее проект, то есть продуцированный технической теорией исходный пункт для последующей инженерной деятельности, или исходное\r\nтеоретическое описание, теоретическая схема уже существующей технической\r\nсистемы с целью ее теоретического расчета и поиска возможностей для усовершенствования (или разработки на ее основе новой системы). Кроме того, часто\r\nэти схемы строятся на основе представлений более специализированных научнотехнических дисциплин и решают теоретическими средствами возникшие в них\r\nзадачи.\r\nТаким образом, в технической теории на материале одной и той же технической\r\nсистемы строится несколько оперативных пространств, которым соответствуют\r\nразличные теоретические схемы. В каждом таком \"пространстве\" используются\r\nразные абстрактные объекты и средства оперирования с ними, решаются особые\r\nзадачи. В то же время их четкая адекватность друг другу и структуре реальной\r\nтехнической системы позволяет \"транспортировать\" полученные решения с одного уровня на другой, а также в сферу инженерной деятельности. Механизмы (методы) взаимодействия этих оперативных пространств могут быть раскрыты в результате методологического анализа функционирования технической теории (например, программной инженерии).", "subject": 1, "order_id": 2, "date_create": "2023-10-27T17:22:57.468Z", "last_update": "2023-10-27T17:22:57.468Z", "quest_to_test": 3}}, {"model": "study.part", "pk": 10, "fields": {"title": "Введение в программирование", "description": "Основы алгоритмизации и синтаксиса, структуры данных python, функции", "content": "1. Как устроена продуктовая команда\r\n Фулстек-разработчик. Специалист, о котором не говорили в видео, но который может быть в команде, — фулстек. Фулстек (фулстек-разработчик) — специалист, который отвечает за все этапы разработки: как фронтенда, так и бэкенда. Он может сделать сложный проект своими руками и лучше понимает процессы. В маленькой компании может быть один или несколько фулстек-разработчиков, зато в больших компаниях трудятся десятки или даже сотни разработчиков, объединенных в команды, где каждый занят своей группой задач или частью проекта. Особенность таких специалистов в том, что им не требуются глубокие знания в бэкенде и фронтенде. Фулстек-разработчик подойдет такой компании, где нужно сделать простой фронтенд и для этого бэкенд. Таким образом компания делает продукт быстрее и экономит на ресурсах", "subject": 5, "order_id": 1, "date_create": "2023-11-04T19:48:20.673Z", "last_update": "2023-11-04T19:48:20.677Z", "quest_to_test": 3}}, {"model": "study.part", "pk": 13, "fields": {"title": "Основы программирования", "description": "IDE, работа с файлами, основы Computer Science", "content": "Писать код мы можем в обычном тестовом редакторе вроде блокнота, но это не очень удобно. Чтобы облегчить написание кода, были придуманы редакторы кода или IDE. Использование IDE добавляет в жизнь программиста подсказки, где у вас ошибка, проверку правописания, автодополнение кода, выделение ключевых слова языка разными цветами, что дает большую читабельность кода и др. IDE (integrated development environment) — интегрированная среда разработчика. На самом деле, это не только редактор, здесь есть возможность сразу запускать код и проводить отладку кода. Для Python мы будем использовать IDE PyCharm. Хотя существуют и другие редакторы(например, Visual Studio Code), PyCharm считается отраслевым стандартом и программисты разрабатывают, как правило, именно в PyCharm. Давайте попробуем скачать IDE и немного поработать: https://www.jetbrains.com/ru-ru/pycharm/", "subject": 5, "order_id": 2, "date_create": "2023-11-04T20:28:42.095Z", "last_update": "2023-11-04T20:38:28.535Z", "quest_to_test": 2}}, {"model": "study.part", "pk": 14, "fields": {"title": "Основы backend-разработки", "description": "Linux, Git, тесты", "content": "Что такое операционная система. Всё программное обеспечение (ПО) делится на системные и прикладные программы. Операционная система (ОС) — это системное ПО, которое обеспечивает работу прикладного на имеющемся железе (аппаратном обеспечении) — процессоре, дисках, оперативной памяти, устройствах ввода/вывода. Одна из задач ОС — это реализация алгоритмов работы с аппаратным обеспечением.", "subject": 5, "order_id": 3, "date_create": "2023-11-04T23:34:37.022Z", "last_update": "2023-11-05T00:33:01.188Z", "quest_to_test": 2}}, {"model": "study.usefullink", "pk": 1, "fields": {"title": "Конспект лекций по ПИС (воентех)", "url_link": "https://i373.spb.ru/file/default.pdf", "description": "БАЛТИЙСКИЙ ГОСУДАРСТВЕННЫЙ ТЕХНИЧЕСКИЙ УНИВЕРСИТЕТ «ВОЕНМЕХ». Проектирование\r\nинформационных систем. Конспект лекций. Версия 0.3.3", "part": 1}}, {"model": "study.usefullink", "pk": 2, "fields": {"title": "Базовые команды Linux", "url_link": "https://vk.com/@aezahost-bazovye-komandy-linux", "description": "Основы алгоритмизации и синтаксиса, структуры данных python, функции", "part": 14}}, {"model": "study.usefullink", "pk": 3, "fields": {"title": "Графическая шпаргалка", "url_link": "http://pycheat.tilda.ws/full#rec375541466", "description": "Краткая аннотация основных материалов по python (структурированные данные по основным темам)", "part": 14}}, {"model": "tests_study.question", "pk": 1, "fields": {"title": "Что такое \"Проектирование ИС\"?", "difficulty": 1, "part": 1}}, {"model": "tests_study.question", "pk": 2, "fields": {"title": "Что такое нотация?", "difficulty": 1, "part": 1}}, {"model": "tests_study.question", "pk": 3, "fields": {"title": "Что такое методология проектирования?", "difficulty": 1, "part": 1}}, {"model": "tests_study.question", "pk": 4, "fields": {"title": "Что такое семантика?", "difficulty": 1, "part": 1}}, {"model": "tests_study.question", "pk": 5, "fields": {"title": "Что такое структурный подход к проектированию ИС?", "difficulty": 1, "part": 2}}, {"model": "tests_study.question", "pk": 6, "fields": {"title": "Что такое объектно-ориентированный подход к проектированию ИС?", "difficulty": 1, "part": 2}}, {"model": "tests_study.question", "pk": 7, "fields": {"title": "Чем отличаются структурный и объектно-ориентированный подход к моделированию ИС?", "difficulty": 2, "part": 2}}, {"model": "tests_study.question", "pk": 8, "fields": {"title": "Над приложением обычно работает целая команда. Чем занимается бэкенд-разработчик?", "difficulty": 1, "part": 10}}, {"model": "tests_study.question", "pk": 9, "fields": {"title": "Вы едете по дороге. В машине осталось менее 20% бензина, рядом обнаружена заправка. Вы принимаете решение ехать к заправке. Если вы действуете по алгоритму, то что используете?", "difficulty": 3, "part": 10}}, {"model": "tests_study.question", "pk": 10, "fields": {"title": "Выберите, как тренеру верно записать в список Python номера игроков футбольной команды и не получить ошибку.", "difficulty": 2, "part": 10}}, {"model": "tests_study.question", "pk": 11, "fields": {"title": "У вас есть список с несколькими цветами: colors = ['красный', 'оранжевый', 'желтый, 'зеленый']", "difficulty": 1, "part": 10}}, {"model": "tests_study.question", "pk": 12, "fields": {"title": "У вас есть список с несколькими цветами: colors = ['красный', 'оранжевый', 'желтый, 'зеленый']. Какой индекс у элемента 'зеленый'?", "difficulty": 1, "part": 10}}, {"model": "tests_study.question", "pk": 13, "fields": {"title": "У вас есть список с несколькими цветами: colors = ['красный', 'оранжевый', 'желтый, 'зеленый']. После удаления del colors[0] какой индекс будет у элемента 'оранжевый'?", "difficulty": 2, "part": 10}}, {"model": "tests_study.question", "pk": 14, "fields": {"title": "У вас есть список фруктов: fruits = ['яблоко', 'груша', 'ананас', 'апельсин', 'виноград']. Какой код выведет 'яблоко' и 'апельсин'?", "difficulty": 2, "part": 10}}, {"model": "tests_study.question", "pk": 15, "fields": {"title": "Один фрукт из списка «съели»: \n fruits = ['apple', 'banana', 'orange', 'peach'] \n fruits[2] = None \n Определите, какой фрукт был «съеден».", "difficulty": 2, "part": 10}}, {"model": "tests_study.question", "pk": 17, "fields": {"title": "Изначально JSON — это формат объектов языка", "difficulty": 1, "part": 13}}, {"model": "tests_study.question", "pk": 18, "fields": {"title": "Что может быть ключами в JSON?", "difficulty": 3, "part": 13}}, {"model": "tests_study.question", "pk": 19, "fields": {"title": "Как связаны класс и экземпляр?", "difficulty": 2, "part": 13}}, {"model": "tests_study.question", "pk": 20, "fields": {"title": "Что такое магические (дандер) методы?", "difficulty": 4, "part": 13}}, {"model": "tests_study.question", "pk": 21, "fields": {"title": "Оцените количество бит, которое нужно для хранения состояния задачи, если задача может быть в 4 состояниях: запланирована / делается / на проверке / готова.", "difficulty": 5, "part": 13}}, {"model": "tests_study.question", "pk": 22, "fields": {"title": "Сколько бит содержится в одном байте?", "difficulty": 1, "part": 13}}, {"model": "tests_study.question", "pk": 23, "fields": {"title": "Что из этого не является кодировкой?", "difficulty": 2, "part": 13}}, {"model": "tests_study.question", "pk": 24, "fields": {"title": "Цвета в формате RGB принято хранить и указывать в системе счисления с основанием", "difficulty": 3, "part": 13}}, {"model": "tests_study.question", "pk": 25, "fields": {"title": "Если каждый цветовой канал при записи в формате RGB кодируется 1 байтом, сколько бит требуется для записи одного цвета (без прозрачности)?", "difficulty": 4, "part": 13}}, {"model": "tests_study.question", "pk": 26, "fields": {"title": "Можно заметить, что у фотографий в формате jpeg или картинок в формате gif одинакового разрешения, например 800 на 600, каждый раз разный размер файла (его еще называют «вес»). С чем это связано?", "difficulty": 3, "part": 13}}, {"model": "tests_study.question", "pk": 27, "fields": {"title": "Если ширина изображения 200 пикселей, а высота — 300, сколько точек у такого изображения?", "difficulty": 2, "part": 13}}, {"model": "tests_study.question", "pk": 28, "fields": {"title": "Что такое IP адрес?", "difficulty": 2, "part": 13}}, {"model": "tests_study.question", "pk": 29, "fields": {"title": "Чтобы перенаправленный поток вывод ОС был дописан в конец уже существующего файла, используйте для перенаправления символ", "difficulty": 3, "part": 14}}, {"model": "tests_study.question", "pk": 30, "fields": {"title": "Стандартный поток ввода ОС перенаправляется знаком", "difficulty": 3, "part": 14}}, {"model": "tests_study.question", "pk": 31, "fields": {"title": "Объединение потоков ввода и вывода и обработка каждого следующего называется", "difficulty": 4, "part": 14}}, {"model": "tests_study.question", "pk": 32, "fields": {"title": "Каких НЕ бывает переменных окружения ОС", "difficulty": 4, "part": 14}}, {"model": "tests_study.question", "pk": 33, "fields": {"title": "К систеам контроля версий относится", "difficulty": 4, "part": 14}}, {"model": "tests_study.question", "pk": 34, "fields": {"title": "Виртуальное хранилище проекта в системе контроля версий называется", "difficulty": 4, "part": 14}}, {"model": "tests_study.question", "pk": 35, "fields": {"title": "Сохранение изменений в системе контроля версий называется выполняется с помощью команды", "difficulty": 4, "part": 14}}, {"model": "tests_study.question", "pk": 36, "fields": {"title": "Создание репозитория в системе контроля версий называется выполняется с помощью команды", "difficulty": 4, "part": 14}}, {"model": "tests_study.question", "pk": 37, "fields": {"title": "Получение информации о репозитории в системе контроля версий называется выполняется с помощью команды", "difficulty": 4, "part": 14}}, {"model": "tests_study.question", "pk": 38, "fields": {"title": "Выбор файлов для добавления в репозиторий в системе контроля версий выполняется с помощью команды", "difficulty": 4, "part": 14}}, {"model": "tests_study.question", "pk": 39, "fields": {"title": "Отправка новых коммитов на удаленный репозиторий выполняется с помощью команды", "difficulty": 4, "part": 14}}, {"model": "tests_study.question", "pk": 40, "fields": {"title": "Обновление локальной ветки за счет коммитов на удаленном репозитории выполняется с помощью команды", "difficulty": 4, "part": 14}}, {"model": "tests_study.answer", "pk": 1, "fields": {"title": "ничем", "correct": false, "question": 7}}, {"model": "tests_study.answer", "pk": 2, "fields": {"title": "Структурный подход рассматривает отдельно данные и процессы их обработки, а объектно-ориентированный - вместе", "correct": true, "question": 7}}, {"model": "tests_study.answer", "pk": 3, "fields": {"title": "В основе структурного подхода рассматривается организационная структура, а в основе объектно-ориентированного - направление перемещения объектов", "correct": false, "question": 7}}, {"model": "tests_study.answer", "pk": 4, "fields": {"title": "Пишет код для браузера", "correct": false, "question": 8}}, {"model": "tests_study.answer", "pk": 5, "fields": {"title": "Пишет код для мобильного приложения", "correct": false, "question": 8}}, {"model": "tests_study.answer", "pk": 6, "fields": {"title": "Пишет код на Python, который выполняется на сервере", "correct": true, "question": 8}}, {"model": "tests_study.answer", "pk": 7, "fields": {"title": "Следит за тем, какие части приложения используются чаще и генерируют больше прибыли", "correct": false, "question": 8}}, {"model": "tests_study.answer", "pk": 8, "fields": {"title": "Вывод", "correct": false, "question": 9}}, {"model": "tests_study.answer", "pk": 9, "fields": {"title": "Условие", "correct": true, "question": 9}}, {"model": "tests_study.answer", "pk": 10, "fields": {"title": "Цикл", "correct": false, "question": 9}}, {"model": "tests_study.answer", "pk": 11, "fields": {"title": "Запись в память", "correct": false, "question": 9}}, {"model": "tests_study.answer", "pk": 12, "fields": {"title": "a = [23, 21, 3, 14]", "correct": true, "question": 10}}, {"model": "tests_study.answer", "pk": 13, "fields": {"title": "a = (23, 21, 3, 14)", "correct": false, "question": 10}}, {"model": "tests_study.answer", "pk": 14, "fields": {"title": "a = 23, 21, 3, 14", "correct": false, "question": 10}}, {"model": "tests_study.answer", "pk": 15, "fields": {"title": "[23. 21. 3. 14]", "correct": false, "question": 10}}, {"model": "tests_study.answer", "pk": 25, "fields": {"title": "3", "correct": true, "question": 12}}, {"model": "tests_study.answer", "pk": 26, "fields": {"title": "4", "correct": false, "question": 12}}, {"model": "tests_study.answer", "pk": 27, "fields": {"title": "5", "correct": false, "question": 12}}, {"model": "tests_study.answer", "pk": 28, "fields": {"title": "-2", "correct": false, "question": 12}}, {"model": "tests_study.answer", "pk": 29, "fields": {"title": "0", "correct": true, "question": 13}}, {"model": "tests_study.answer", "pk": 30, "fields": {"title": "1", "correct": false, "question": 13}}, {"model": "tests_study.answer", "pk": 31, "fields": {"title": "2", "correct": false, "question": 13}}, {"model": "tests_study.answer", "pk": 32, "fields": {"title": "3", "correct": false, "question": 13}}, {"model": "tests_study.answer", "pk": 33, "fields": {"title": "0", "correct": true, "question": 11}}, {"model": "tests_study.answer", "pk": 34, "fields": {"title": "1", "correct": false, "question": 11}}, {"model": "tests_study.answer", "pk": 35, "fields": {"title": "2", "correct": false, "question": 11}}, {"model": "tests_study.answer", "pk": 36, "fields": {"title": "-1", "correct": false, "question": 11}}, {"model": "tests_study.answer", "pk": 37, "fields": {"title": "print(fruits[0], fruits[3])", "correct": true, "question": 14}}, {"model": "tests_study.answer", "pk": 38, "fields": {"title": "print(fruits[1], fruits[4])", "correct": false, "question": 14}}, {"model": "tests_study.answer", "pk": 39, "fields": {"title": "print(fruits[1], fruits[3]", "correct": false, "question": 14}}, {"model": "tests_study.answer", "pk": 40, "fields": {"title": "print(fruits[-1], fruits[-2])", "correct": false, "question": 14}}, {"model": "tests_study.answer", "pk": 41, "fields": {"title": "orange", "correct": true, "question": 15}}, {"model": "tests_study.answer", "pk": 42, "fields": {"title": "apple", "correct": false, "question": 15}}, {"model": "tests_study.answer", "pk": 43, "fields": {"title": "banana", "correct": false, "question": 15}}, {"model": "tests_study.answer", "pk": 44, "fields": {"title": "peach", "correct": false, "question": 15}}, {"model": "tests_study.answer", "pk": 49, "fields": {"title": "JavaScript", "correct": true, "question": 17}}, {"model": "tests_study.answer", "pk": 50, "fields": {"title": "Java", "correct": false, "question": 17}}, {"model": "tests_study.answer", "pk": 51, "fields": {"title": "Jenkins", "correct": false, "question": 17}}, {"model": "tests_study.answer", "pk": 52, "fields": {"title": "JScript", "correct": false, "question": 17}}, {"model": "tests_study.answer", "pk": 57, "fields": {"title": "Строки", "correct": true, "question": 18}}, {"model": "tests_study.answer", "pk": 58, "fields": {"title": "Целые числа", "correct": false, "question": 18}}, {"model": "tests_study.answer", "pk": 59, "fields": {"title": "Дробные числа", "correct": false, "question": 18}}, {"model": "tests_study.answer", "pk": 60, "fields": {"title": "Булевы значения", "correct": false, "question": 18}}, {"model": "tests_study.answer", "pk": 61, "fields": {"title": "Класс один, экземпляров много.", "correct": true, "question": 19}}, {"model": "tests_study.answer", "pk": 62, "fields": {"title": "Экземпляр один, но классов у него много.", "correct": false, "question": 19}}, {"model": "tests_study.answer", "pk": 63, "fields": {"title": "У каждого класса есть свой экземпляр и он один.", "correct": false, "question": 19}}, {"model": "tests_study.answer", "pk": 64, "fields": {"title": "У каждого класса есть свой экземпляр и он один, если класс не фабрика.", "correct": false, "question": 19}}, {"model": "tests_study.answer", "pk": 65, "fields": {"title": "Методы класса, которые мы пишем, но не вызываем напрямую", "correct": true, "question": 20}}, {"model": "tests_study.answer", "pk": 66, "fields": {"title": "Методы класса, которые мы не пишем, но которые вызываем", "correct": false, "question": 20}}, {"model": "tests_study.answer", "pk": 67, "fields": {"title": "Методы класса, которые мы не пишем и не вызываем", "correct": false, "question": 20}}, {"model": "tests_study.answer", "pk": 68, "fields": {"title": "Методы экземпляра, которых нет у класса", "correct": false, "question": 20}}, {"model": "tests_study.answer", "pk": 69, "fields": {"title": "2", "correct": true, "question": 21}}, {"model": "tests_study.answer", "pk": 70, "fields": {"title": "4", "correct": false, "question": 21}}, {"model": "tests_study.answer", "pk": 71, "fields": {"title": "1", "correct": false, "question": 21}}, {"model": "tests_study.answer", "pk": 72, "fields": {"title": "6", "correct": false, "question": 21}}, {"model": "tests_study.answer", "pk": 73, "fields": {"title": "8", "correct": true, "question": 22}}, {"model": "tests_study.answer", "pk": 74, "fields": {"title": "4", "correct": false, "question": 22}}, {"model": "tests_study.answer", "pk": 75, "fields": {"title": "2", "correct": false, "question": 22}}, {"model": "tests_study.answer", "pk": 76, "fields": {"title": "16", "correct": false, "question": 22}}, {"model": "tests_study.answer", "pk": 77, "fields": {"title": "IEEE 754", "correct": true, "question": 23}}, {"model": "tests_study.answer", "pk": 78, "fields": {"title": "UTF8", "correct": false, "question": 23}}, {"model": "tests_study.answer", "pk": 79, "fields": {"title": "ASCII", "correct": false, "question": 23}}, {"model": "tests_study.answer", "pk": 80, "fields": {"title": "ANSI", "correct": false, "question": 23}}, {"model": "tests_study.answer", "pk": 81, "fields": {"title": "16", "correct": true, "question": 24}}, {"model": "tests_study.answer", "pk": 82, "fields": {"title": "2", "correct": false, "question": 24}}, {"model": "tests_study.answer", "pk": 83, "fields": {"title": "8", "correct": false, "question": 24}}, {"model": "tests_study.answer", "pk": 84, "fields": {"title": "24", "correct": false, "question": 24}}, {"model": "tests_study.answer", "pk": 85, "fields": {"title": "32", "correct": false, "question": 24}}, {"model": "tests_study.answer", "pk": 86, "fields": {"title": "24", "correct": true, "question": 25}}, {"model": "tests_study.answer", "pk": 87, "fields": {"title": "8", "correct": false, "question": 25}}, {"model": "tests_study.answer", "pk": 88, "fields": {"title": "16", "correct": false, "question": 25}}, {"model": "tests_study.answer", "pk": 89, "fields": {"title": "32", "correct": false, "question": 25}}, {"model": "tests_study.answer", "pk": 90, "fields": {"title": "С тем, что некоторые изображения сжимаются лучше, чем другие", "correct": true, "question": 26}}, {"model": "tests_study.answer", "pk": 91, "fields": {"title": "С тем, что при передаче по сети к файлу присоединяется история его путешествия", "correct": false, "question": 26}}, {"model": "tests_study.answer", "pk": 92, "fields": {"title": "С тем, что разные операционные системы требуют разное количество точек в файле", "correct": false, "question": 26}}, {"model": "tests_study.answer", "pk": 93, "fields": {"title": "Это вопрос с подвохом, на самом деле размер файлов одинаковый", "correct": false, "question": 26}}, {"model": "tests_study.answer", "pk": 94, "fields": {"title": "60000", "correct": true, "question": 27}}, {"model": "tests_study.answer", "pk": 95, "fields": {"title": "500", "correct": false, "question": 27}}, {"model": "tests_study.answer", "pk": 96, "fields": {"title": "600", "correct": false, "question": 27}}, {"model": "tests_study.answer", "pk": 97, "fields": {"title": "3200", "correct": false, "question": 27}}, {"model": "tests_study.answer", "pk": 98, "fields": {"title": "уникальный адрес, идентифицирующий устройство в интернете или локальной сети", "correct": true, "question": 28}}, {"model": "tests_study.answer", "pk": 99, "fields": {"title": "компьютерная распределённая система для получения информации о доменах", "correct": false, "question": 28}}, {"model": "tests_study.answer", "pk": 100, "fields": {"title": "сетевая модель передачи данных", "correct": false, "question": 28}}, {"model": "tests_study.answer", "pk": 101, "fields": {"title": ">>", "correct": true, "question": 29}}, {"model": "tests_study.answer", "pk": 102, "fields": {"title": ">", "correct": false, "question": 29}}, {"model": "tests_study.answer", "pk": 103, "fields": {"title": "<", "correct": false, "question": 29}}, {"model": "tests_study.answer", "pk": 104, "fields": {"title": "<<", "correct": false, "question": 29}}, {"model": "tests_study.answer", "pk": 105, "fields": {"title": ">>", "correct": false, "question": 30}}, {"model": "tests_study.answer", "pk": 106, "fields": {"title": ">", "correct": false, "question": 30}}, {"model": "tests_study.answer", "pk": 107, "fields": {"title": "<", "correct": true, "question": 30}}, {"model": "tests_study.answer", "pk": 108, "fields": {"title": "<<", "correct": false, "question": 30}}, {"model": "tests_study.answer", "pk": 109, "fields": {"title": "пайплайн", "correct": true, "question": 31}}, {"model": "tests_study.answer", "pk": 110, "fields": {"title": "инкапсуляция", "correct": false, "question": 31}}, {"model": "tests_study.answer", "pk": 111, "fields": {"title": "оператор", "correct": false, "question": 31}}, {"model": "tests_study.answer", "pk": 112, "fields": {"title": "локализация", "correct": false, "question": 31}}, {"model": "tests_study.answer", "pk": 113, "fields": {"title": "административных", "correct": true, "question": 32}}, {"model": "tests_study.answer", "pk": 114, "fields": {"title": "локальных", "correct": false, "question": 32}}, {"model": "tests_study.answer", "pk": 115, "fields": {"title": "пользовательских", "correct": false, "question": 32}}, {"model": "tests_study.answer", "pk": 116, "fields": {"title": "системных", "correct": false, "question": 32}}, {"model": "tests_study.answer", "pk": 117, "fields": {"title": "Git", "correct": true, "question": 33}}, {"model": "tests_study.answer", "pk": 118, "fields": {"title": "Pycharm", "correct": false, "question": 33}}, {"model": "tests_study.answer", "pk": 119, "fields": {"title": "Django", "correct": false, "question": 33}}, {"model": "tests_study.answer", "pk": 120, "fields": {"title": "ORM", "correct": false, "question": 33}}, {"model": "tests_study.answer", "pk": 121, "fields": {"title": "Репозиторий", "correct": true, "question": 34}}, {"model": "tests_study.answer", "pk": 122, "fields": {"title": "OLAP", "correct": false, "question": 34}}, {"model": "tests_study.answer", "pk": 123, "fields": {"title": "База данных", "correct": false, "question": 34}}, {"model": "tests_study.answer", "pk": 124, "fields": {"title": "Облако", "correct": false, "question": 34}}, {"model": "tests_study.answer", "pk": 125, "fields": {"title": "git commit", "correct": true, "question": 35}}, {"model": "tests_study.answer", "pk": 126, "fields": {"title": "git init", "correct": false, "question": 35}}, {"model": "tests_study.answer", "pk": 127, "fields": {"title": "git status", "correct": false, "question": 35}}, {"model": "tests_study.answer", "pk": 128, "fields": {"title": "git add", "correct": false, "question": 35}}, {"model": "tests_study.answer", "pk": 129, "fields": {"title": "git commit", "correct": false, "question": 36}}, {"model": "tests_study.answer", "pk": 130, "fields": {"title": "git init", "correct": true, "question": 36}}, {"model": "tests_study.answer", "pk": 131, "fields": {"title": "git status", "correct": false, "question": 36}}, {"model": "tests_study.answer", "pk": 132, "fields": {"title": "git add", "correct": false, "question": 36}}, {"model": "tests_study.answer", "pk": 133, "fields": {"title": "git commit", "correct": false, "question": 37}}, {"model": "tests_study.answer", "pk": 134, "fields": {"title": "git init", "correct": false, "question": 37}}, {"model": "tests_study.answer", "pk": 135, "fields": {"title": "git status", "correct": true, "question": 37}}, {"model": "tests_study.answer", "pk": 136, "fields": {"title": "git add", "correct": false, "question": 37}}, {"model": "tests_study.answer", "pk": 137, "fields": {"title": "git commit", "correct": false, "question": 38}}, {"model": "tests_study.answer", "pk": 138, "fields": {"title": "git init", "correct": false, "question": 38}}, {"model": "tests_study.answer", "pk": 139, "fields": {"title": "git status", "correct": false, "question": 38}}, {"model": "tests_study.answer", "pk": 140, "fields": {"title": "git add", "correct": true, "question": 38}}, {"model": "tests_study.answer", "pk": 141, "fields": {"title": "git push", "correct": true, "question": 39}}, {"model": "tests_study.answer", "pk": 142, "fields": {"title": "git init", "correct": false, "question": 39}}, {"model": "tests_study.answer", "pk": 143, "fields": {"title": "git pull", "correct": false, "question": 39}}, {"model": "tests_study.answer", "pk": 144, "fields": {"title": "git add", "correct": true, "question": 39}}, {"model": "tests_study.answer", "pk": 149, "fields": {"title": "git push", "correct": false, "question": 40}}, {"model": "tests_study.answer", "pk": 150, "fields": {"title": "git init", "correct": false, "question": 40}}, {"model": "tests_study.answer", "pk": 151, "fields": {"title": "git pull", "correct": true, "question": 40}}, {"model": "tests_study.answer", "pk": 152, "fields": {"title": "git add", "correct": false, "question": 40}}, {"model": "tests_study.test", "pk": 1, "fields": {"type": "inter", "part": 1, "subject": null, "user": 2, "ball": 25.0, "date_create": "2023-10-27T18:24:00.348Z"}}, {"model": "tests_study.test", "pk": 2, "fields": {"type": "final", "part": null, "subject": 1, "user": 2, "ball": 10.0, "date_create": "2023-10-27T18:24:35.212Z"}}, {"model": "tests_study.test", "pk": 3, "fields": {"type": "<class 'type'>", "part": 13, "subject": null, "user": 1, "ball": 0.0, "date_create": "2023-11-07T14:39:31.980Z"}}, {"model": "tests_study.test", "pk": 4, "fields": {"type": "<class 'type'>", "part": 13, "subject": null, "user": 1, "ball": 0.0, "date_create": "2023-11-07T16:18:04.664Z"}}, {"model": "tests_study.test", "pk": 5, "fields": {"type": "<class 'type'>", "part": 13, "subject": null, "user": 1, "ball": 0.0, "date_create": "2023-11-07T16:31:44.368Z"}}, {"model": "tests_study.test", "pk": 6, "fields": {"type": "<class 'type'>", "part": 13, "subject": null, "user": 1, "ball": 0.0, "date_create": "2023-11-07T16:37:46.177Z"}}, {"model": "tests_study.test", "pk": 7, "fields": {"type": "<class 'type'>", "part": 13, "subject": null, "user": 1, "ball": 0.0, "date_create": "2023-11-07T16:43:23.793Z"}}, {"model": "tests_study.test", "pk": 8, "fields": {"type": "<class 'type'>", "part": 13, "subject": null, "user": 1, "ball": 0.0, "date_create": "2023-11-07T16:47:42.473Z"}}, {"model": "tests_study.test", "pk": 9, "fields": {"type": "<class 'type'>", "part": 13, "subject": null, "user": 1, "ball": 0.0, "date_create": "2023-11-07T16:49:22.521Z"}}, {"model": "tests_study.test", "pk": 10, "fields": {"type": "<class 'type'>", "part": 13, "subject": null, "user": 1, "ball": 0.0, "date_create": "2023-11-07T16:49:27.273Z"}}, {"model": "tests_study.test", "pk": 11, "fields": {"type": "<class 'type'>", "part": 13, "subject": null, "user": 1, "ball": 0.0, "date_create": "2023-11-07T16:49:44.451Z"}}, {"model": "tests_study.test", "pk": 12, "fields": {"type": "<class 'type'>", "part": 13, "subject": null, "user": 1, "ball": 0.0, "date_create": "2023-11-07T16:53:59.641Z"}}, {"model": "tests_study.test", "pk": 13, "fields": {"type": "inter", "part": 13, "subject": null, "user": 1, "ball": 0.0, "date_create": "2023-11-07T16:57:46.496Z"}}, {"model": "tests_study.test", "pk": 14, "fields": {"type": "inter", "part": 13, "subject": null, "user": 1, "ball": 0.0, "date_create": "2023-11-07T16:58:51.945Z"}}, {"model": "tests_study.test", "pk": 15, "fields": {"type": "inter", "part": 13, "subject": null, "user": 1, "ball": 0.0, "date_create": "2023-11-07T17:03:14.449Z"}}, {"model": "tests_study.test", "pk": 16, "fields": {"type": "inter", "part": 13, "subject": null, "user": 1, "ball": 0.0, "date_create": "2023-11-07T17:10:12.596Z"}}, {"model": "tests_study.test", "pk": 17, "fields": {"type": "inter", "part": 13, "subject": null, "user": 1, "ball": 0.0, "date_create": "2023-11-07T17:12:16.457Z"}}, {"model": "tests_study.test", "pk": 18, "fields": {"type": "inter", "part": 13, "subject": null, "user": 1, "ball": 0.0, "date_create": "2023-11-07T18:03:37.424Z"}}, {"model": "tests_study.test", "pk": 19, "fields": {"type": "final", "part": null, "subject": 5, "user": 1, "ball": 0.0, "date_create": "2023-11-07T18:11:27.322Z"}}, {"model": "tests_study.test", "pk": 20, "fields": {"type": "inter", "part": 10, "subject": null, "user": 3, "ball": 0.0, "date_create": "2023-11-07T20:07:57.862Z"}}, {"model": "tests_study.test", "pk": 21, "fields": {"type": "inter", "part": 10, "subject": null, "user": 3, "ball": 0.0, "date_create": "2023-11-07T20:13:08.327Z"}}, {"model": "tests_study.test", "pk": 22, "fields": {"type": "inter", "part": 10, "subject": null, "user": 3, "ball": 0.0, "date_create": "2023-11-07T20:14:39.057Z"}}, {"model": "tests_study.test", "pk": 23, "fields": {"type": "inter", "part": 10, "subject": null, "user": 3, "ball": 0.0, "date_create": "2023-11-07T20:15:26.406Z"}}, {"model": "tests_study.test", "pk": 24, "fields": {"type": "inter", "part": 10, "subject": null, "user": 3, "ball": 0.0, "date_create": "2023-11-07T20:16:18.011Z"}}, {"model": "tests_study.test", "pk": 25, "fields": {"type": "inter", "part": 10, "subject": null, "user": 3, "ball": 0.0, "date_create": "2023-11-07T20:17:01.812Z"}}, {"model": "tests_study.test", "pk": 26, "fields": {"type": "inter", "part": 10, "subject": null, "user": 3, "ball": 0.0, "date_create": "2023-11-07T20:17:33.344Z"}}, {"model": "tests_study.test", "pk": 27, "fields": {"type": "inter", "part": 10, "subject": null, "user": 3, "ball": 0.0, "date_create": "2023-11-07T20:18:22.183Z"}}, {"model": "tests_study.test", "pk": 28, "fields": {"type": "inter", "part": 10, "subject": null, "user": 4, "ball": 0.0, "date_create": "2023-11-08T13:48:28.573Z"}}, {"model": "tests_study.test", "pk": 29, "fields": {"type": "inter", "part": 10, "subject": null, "user": 4, "ball": 0.0, "date_create": "2023-11-08T14:03:53.319Z"}}, {"model": "tests_study.test", "pk": 30, "fields": {"type": "inter", "part": 10, "subject": null, "user": 3, "ball": 0.0, "date_create": "2023-11-08T14:58:22.276Z"}}, {"model": "tests_study.test", "pk": 31, "fields": {"type": "inter", "part": 10, "subject": null, "user": 3, "ball": 0.0, "date_create": "2023-11-08T14:59:38.028Z"}}, {"model": "tests_study.test", "pk": 32, "fields": {"type": "inter", "part": 10, "subject": null, "user": 3, "ball": 0.0, "date_create": "2023-11-08T15:00:28.647Z"}}, {"model": "tests_study.test", "pk": 33, "fields": {"type": "inter", "part": 10, "subject": null, "user": 3, "ball": 0.0, "date_create": "2023-11-08T15:07:01.014Z"}}, {"model": "tests_study.test", "pk": 34, "fields": {"type": "inter", "part": 10, "subject": null, "user": 2, "ball": 0.0, "date_create": "2023-11-08T15:07:22.990Z"}}, {"model": "tests_study.test", "pk": 35, "fields": {"type": "inter", "part": 10, "subject": null, "user": 3, "ball": 0.0, "date_create": "2023-11-08T15:21:28.945Z"}}, {"model": "tests_study.test", "pk": 36, "fields": {"type": "final", "part": null, "subject": 5, "user": 3, "ball": 0.0, "date_create": "2023-11-08T15:55:21.340Z"}}, {"model": "tests_study.test", "pk": 37, "fields": {"type": "final", "part": null, "subject": 5, "user": 3, "ball": 0.0, "date_create": "2023-11-08T16:00:22.418Z"}}, {"model": "tests_study.test", "pk": 38, "fields": {"type": "inter", "part": 10, "subject": null, "user": 3, "ball": 0.0, "date_create": "2023-11-08T16:52:00.228Z"}}, {"model": "tests_study.test", "pk": 39, "fields": {"type": "inter", "part": 10, "subject": null, "user": 3, "ball": 0.0, "date_create": "2023-11-08T16:53:44.458Z"}}, {"model": "tests_study.test", "pk": 40, "fields": {"type": "inter", "part": 10, "subject": null, "user": 3, "ball": 0.0, "date_create": "2023-11-08T16:54:54.434Z"}}, {"model": "tests_study.test", "pk": 41, "fields": {"type": "inter", "part": 10, "subject": null, "user": 3, "ball": 0.0, "date_create": "2023-11-08T17:02:10.137Z"}}, {"model": "tests_study.test", "pk": 42, "fields": {"type": "final", "part": null, "subject": 5, "user": 3, "ball": 0.0, "date_create": "2023-11-08T17:06:10.318Z"}}, {"model": "tests_study.test", "pk": 43, "fields": {"type": "final", "part": null, "subject": 5, "user": 3, "ball": 0.0, "date_create": "2023-11-08T17:07:42.759Z"}}, {"model": "tests_study.test", "pk": 44, "fields": {"type": "inter", "part": 10, "subject": null, "user": 3, "ball": 0.0, "date_create": "2023-11-08T17:08:57.251Z"}}, {"model": "tests_study.test", "pk": 76, "fields": {"type": "inter", "part": 10, "subject": null, "user": 3, "ball": 0.0, "date_create": "2023-11-08T17:20:56.491Z"}}, {"model": "tests_study.test", "pk": 77, "fields": {"type": "inter", "part": 10, "subject": null, "user": 3, "ball": 0.0, "date_create": "2023-11-08T17:37:34.677Z"}}, {"model": "tests_study.test", "pk": 78, "fields": {"type": "inter", "part": 10, "subject": null, "user": 3, "ball": 0.0, "date_create": "2023-11-08T17:48:13.176Z"}}, {"model": "tests_study.test", "pk": 79, "fields": {"type": "inter", "part": 10, "subject": null, "user": 3, "ball": 0.0, "date_create": "2023-11-08T17:48:59.905Z"}}, {"model": "tests_study.test", "pk": 80, "fields": {"type": "inter", "part": 10, "subject": null, "user": 3, "ball": 0.0, "date_create": "2023-11-08T17:50:26.107Z"}}, {"model": "tests_study.test", "pk": 81, "fields": {"type": "inter", "part": 10, "subject": null, "user": 3, "ball": 0.0, "date_create": "2023-11-08T17:52:29.322Z"}}, {"model": "tests_study.test", "pk": 82, "fields": {"type": "inter", "part": 10, "subject": null, "user": 3, "ball": 0.0, "date_create": "2023-11-08T17:52:32.494Z"}}, {"model": "tests_study.test", "pk": 83, "fields": {"type": "inter", "part": 10, "subject": null, "user": 3, "ball": 0.0, "date_create": "2023-11-08T17:52:59.741Z"}}, {"model": "tests_study.test", "pk": 84, "fields": {"type": "inter", "part": 10, "subject": null, "user": 3, "ball": 0.0, "date_create": "2023-11-08T17:54:02.300Z"}}, {"model": "tests_study.test", "pk": 85, "fields": {"type": "inter", "part": 10, "subject": null, "user": 3, "ball": 0.0, "date_create": "2023-11-08T18:13:32.331Z"}}, {"model": "tests_study.test", "pk": 86, "fields": {"type": "inter", "part": 10, "subject": null, "user": 3, "ball": 0.0, "date_create": "2023-11-08T18:14:11.067Z"}}, {"model": "tests_study.test", "pk": 87, "fields": {"type": "inter", "part": 10, "subject": null, "user": 3, "ball": 0.0, "date_create": "2023-11-08T18:14:43.299Z"}}, {"model": "tests_study.test", "pk": 88, "fields": {"type": "inter", "part": 10, "subject": null, "user": 3, "ball": 0.0, "date_create": "2023-11-08T18:17:20.173Z"}}, {"model": "tests_study.test", "pk": 89, "fields": {"type": "inter", "part": 10, "subject": null, "user": 3, "ball": 0.0, "date_create": "2023-11-08T18:18:29.583Z"}}, {"model": "tests_study.test", "pk": 90, "fields": {"type": "inter", "part": 10, "subject": null, "user": 3, "ball": 0.0, "date_create": "2023-11-08T18:19:28.621Z"}}, {"model": "tests_study.test", "pk": 91, "fields": {"type": "final", "part": null, "subject": 5, "user": 3, "ball": 0.0, "date_create": "2023-11-08T18:20:57.510Z"}}, {"model": "tests_study.test", "pk": 92, "fields": {"type": "inter", "part": 10, "subject": null, "user": 3, "ball": 0.0, "date_create": "2023-11-08T18:25:59.361Z"}}, {"model": "tests_study.test", "pk": 93, "fields": {"type": "inter", "part": 10, "subject": null, "user": 3, "ball": 0.0, "date_create": "2023-11-08T18:43:02.295Z"}}, {"model": "tests_study.test", "pk": 94, "fields": {"type": "inter", "part": 10, "subject": null, "user": 3, "ball": 0.0, "date_create": "2023-11-08T18:48:52.354Z"}}, {"model": "tests_study.test", "pk": 95, "fields": {"type": "inter", "part": 10, "subject": null, "user": 3, "ball": 0.0, "date_create": "2023-11-08T18:49:22.478Z"}}, {"model": "tests_study.test", "pk": 127, "fields": {"type": "inter", "part": 10, "subject": null, "user": 3, "ball": 0.0, "date_create": "2023-11-08T18:58:06.828Z"}}, {"model": "tests_study.test", "pk": 128, "fields": {"type": "inter", "part": 10, "subject": null, "user": 3, "ball": 0.0, "date_create": "2023-11-08T19:03:44.477Z"}}, {"model": "tests_study.test", "pk": 129, "fields": {"type": "inter", "part": 10, "subject": null, "user": 3, "ball": 0.0, "date_create": "2023-11-08T19:07:59.491Z"}}, {"model": "tests_study.test", "pk": 130, "fields": {"type": "inter", "part": 10, "subject": null, "user": 3, "ball": 0.0, "date_create": "2023-11-08T19:18:53.752Z"}}, {"model": "tests_study.test", "pk": 131, "fields": {"type": "inter", "part": 10, "subject": null, "user": 3, "ball": 0.0, "date_create": "2023-11-08T19:22:10.096Z"}}, {"model": "tests_study.test", "pk": 132, "fields": {"type": "inter", "part": 10, "subject": null, "user": 3, "ball": 0.0, "date_create": "2023-11-08T19:46:04.082Z"}}, {"model": "tests_study.test", "pk": 133, "fields": {"type": "inter", "part": 10, "subject": null, "user": 3, "ball": 0.0, "date_create": "2023-11-08T19:46:20.667Z"}}, {"model": "tests_study.test", "pk": 134, "fields": {"type": "inter", "part": 10, "subject": null, "user": 3, "ball": 0.0, "date_create": "2023-11-08T19:53:41.191Z"}}, {"model": "tests_study.test", "pk": 135, "fields": {"type": "inter", "part": 10, "subject": null, "user": 3, "ball": 0.0, "date_create": "2023-11-08T19:55:21.983Z"}}, {"model": "tests_study.test", "pk": 136, "fields": {"type": "inter", "part": 10, "subject": null, "user": 3, "ball": 0.0, "date_create": "2023-11-08T19:56:51.979Z"}}, {"model": "tests_study.test", "pk": 137, "fields": {"type": "inter", "part": 10, "subject": null, "user": 3, "ball": 0.0, "date_create": "2023-11-08T20:01:28.552Z"}}, {"model": "tests_study.test", "pk": 138, "fields": {"type": "inter", "part": 10, "subject": null, "user": 3, "ball": 0.0, "date_create": "2023-11-08T20:05:31.488Z"}}, {"model": "tests_study.test", "pk": 139, "fields": {"type": "inter", "part": 10, "subject": null, "user": 3, "ball": 0.0, "date_create": "2023-11-08T20:06:22.085Z"}}, {"model": "tests_study.test", "pk": 140, "fields": {"type": "inter", "part": 10, "subject": null, "user": 3, "ball": 50.0, "date_create": "2023-11-08T20:20:25.942Z"}}, {"model": "tests_study.questiontest", "pk": 1, "fields": {"question": 28, "test": 13, "user_answer": null, "order_id": 1, "isCorrect": false}}, {"model": "tests_study.questiontest", "pk": 2, "fields": {"question": 26, "test": 14, "user_answer": null, "order_id": 1, "isCorrect": false}}, {"model": "tests_study.questiontest", "pk": 3, "fields": {"question": 24, "test": 15, "user_answer": null, "order_id": 1, "isCorrect": false}}, {"model": "tests_study.questiontest", "pk": 4, "fields": {"question": 28, "test": 16, "user_answer": null, "order_id": 1, "isCorrect": false}}, {"model": "tests_study.questiontest", "pk": 5, "fields": {"question": 21, "test": 17, "user_answer": null, "order_id": 1, "isCorrect": false}}, {"model": "tests_study.questiontest", "pk": 6, "fields": {"question": 20, "test": 18, "user_answer": null, "order_id": 1, "isCorrect": false}}, {"model": "tests_study.questiontest", "pk": 7, "fields": {"question": 26, "test": 18, "user_answer": null, "order_id": 2, "isCorrect": false}}, {"model": "tests_study.questiontest", "pk": 8, "fields": {"question": 15, "test": 19, "user_answer": null, "order_id": 1, "isCorrect": false}}, {"model": "tests_study.questiontest", "pk": 9, "fields": {"question": 11, "test": 19, "user_answer": null, "order_id": 2, "isCorrect": false}}, {"model": "tests_study.questiontest", "pk": 10, "fields": {"question": 12, "test": 19, "user_answer": null, "order_id": 3, "isCorrect": false}}, {"model": "tests_study.questiontest", "pk": 11, "fields": {"question": 17, "test": 19, "user_answer": null, "order_id": 1, "isCorrect": false}}, {"model": "tests_study.questiontest", "pk": 12, "fields": {"question": 24, "test": 19, "user_answer": null, "order_id": 2, "isCorrect": false}}, {"model": "tests_study.questiontest", "pk": 13, "fields": {"question": 33, "test": 19, "user_answer": null, "order_id": 1, "isCorrect": false}}, {"model": "tests_study.questiontest", "pk": 14, "fields": {"question": 34, "test": 19, "user_answer": null, "order_id": 2, "isCorrect": false}}, {"model": "tests_study.questiontest", "pk": 15, "fields": {"question": 13, "test": 20, "user_answer": null, "order_id": 1, "isCorrect": false}}, {"model": "tests_study.questiontest", "pk": 16, "fields": {"question": 14, "test": 20, "user_answer": null, "order_id": 2, "isCorrect": false}}, {"model": "tests_study.questiontest", "pk": 17, "fields": {"question": 8, "test": 20, "user_answer": null, "order_id": 3, "isCorrect": false}}, {"model": "tests_study.questiontest", "pk": 18, "fields": {"question": 9, "test": 21, "user_answer": null, "order_id": 1, "isCorrect": false}}, {"model": "tests_study.questiontest", "pk": 19, "fields": {"question": 12, "test": 21, "user_answer": null, "order_id": 2, "isCorrect": false}}, {"model": "tests_study.questiontest", "pk": 20, "fields": {"question": 15, "test": 21, "user_answer": null, "order_id": 3, "isCorrect": false}}, {"model": "tests_study.questiontest", "pk": 21, "fields": {"question": 8, "test": 22, "user_answer": null, "order_id": 1, "isCorrect": false}}, {"model": "tests_study.questiontest", "pk": 22, "fields": {"question": 13, "test": 22, "user_answer": null, "order_id": 2, "isCorrect": false}}, {"model": "tests_study.questiontest", "pk": 23, "fields": {"question": 12, "test": 22, "user_answer": null, "order_id": 3, "isCorrect": false}}, {"model": "tests_study.questiontest", "pk": 24, "fields": {"question": 11, "test": 23, "user_answer": null, "order_id": 1, "isCorrect": false}}, {"model": "tests_study.questiontest", "pk": 25, "fields": {"question": 9, "test": 23, "user_answer": null, "order_id": 2, "isCorrect": false}}, {"model": "tests_study.questiontest", "pk": 26, "fields": {"question": 14, "test": 23, "user_answer": null, "order_id": 3, "isCorrect": false}}, {"model": "tests_study.questiontest", "pk": 27, "fields": {"question": 8, "test": 24, "user_answer": null, "order_id": 1, "isCorrect": false}}, {"model": "tests_study.questiontest", "pk": 28, "fields": {"question": 10, "test": 24, "user_answer": null, "order_id": 2, "isCorrect": false}}, {"model": "tests_study.questiontest", "pk": 29, "fields": {"question": 12, "test": 24, "user_answer": null, "order_id": 3, "isCorrect": false}}, {"model": "tests_study.questiontest", "pk": 30, "fields": {"question": 10, "test": 25, "user_answer": null, "order_id": 1, "isCorrect": false}}, {"model": "tests_study.questiontest", "pk": 31, "fields": {"question": 14, "test": 25, "user_answer": null, "order_id": 2, "isCorrect": false}}, {"model": "tests_study.questiontest", "pk": 32, "fields": {"question": 8, "test": 25, "user_answer": null, "order_id": 3, "isCorrect": false}}, {"model": "tests_study.questiontest", "pk": 33, "fields": {"question": 10, "test": 26, "user_answer": null, "order_id": 1, "isCorrect": false}}, {"model": "tests_study.questiontest", "pk": 34, "fields": {"question": 13, "test": 26, "user_answer": null, "order_id": 2, "isCorrect": false}}, {"model": "tests_study.questiontest", "pk": 35, "fields": {"question": 14, "test": 26, "user_answer": null, "order_id": 3, "isCorrect": false}}, {"model": "tests_study.questiontest", "pk": 36, "fields": {"question": 13, "test": 27, "user_answer": null, "order_id": 1, "isCorrect": false}}, {"model": "tests_study.questiontest", "pk": 37, "fields": {"question": 12, "test": 27, "user_answer": null, "order_id": 2, "isCorrect": false}}, {"model": "tests_study.questiontest", "pk": 38, "fields": {"question": 14, "test": 27, "user_answer": null, "order_id": 3, "isCorrect": false}}, {"model": "tests_study.questiontest", "pk": 39, "fields": {"question": 14, "test": 28, "user_answer": null, "order_id": 1, "isCorrect": false}}, {"model": "tests_study.questiontest", "pk": 40, "fields": {"question": 15, "test": 28, "user_answer": null, "order_id": 2, "isCorrect": false}}, {"model": "tests_study.questiontest", "pk": 41, "fields": {"question": 11, "test": 28, "user_answer": null, "order_id": 3, "isCorrect": false}}, {"model": "tests_study.questiontest", "pk": 42, "fields": {"question": 15, "test": 29, "user_answer": null, "order_id": 1, "isCorrect": false}}, {"model": "tests_study.questiontest", "pk": 43, "fields": {"question": 14, "test": 29, "user_answer": null, "order_id": 2, "isCorrect": false}}, {"model": "tests_study.questiontest", "pk": 44, "fields": {"question": 10, "test": 29, "user_answer": null, "order_id": 3, "isCorrect": false}}, {"model": "tests_study.questiontest", "pk": 45, "fields": {"question": 13, "test": 30, "user_answer": null, "order_id": 1, "isCorrect": false}}, {"model": "tests_study.questiontest", "pk": 46, "fields": {"question": 8, "test": 30, "user_answer": null, "order_id": 2, "isCorrect": false}}, {"model": "tests_study.questiontest", "pk": 47, "fields": {"question": 9, "test": 30, "user_answer": null, "order_id": 3, "isCorrect": false}}, {"model": "tests_study.questiontest", "pk": 48, "fields": {"question": 14, "test": 31, "user_answer": null, "order_id": 1, "isCorrect": false}}, {"model": "tests_study.questiontest", "pk": 49, "fields": {"question": 15, "test": 31, "user_answer": null, "order_id": 2, "isCorrect": false}}, {"model": "tests_study.questiontest", "pk": 50, "fields": {"question": 10, "test": 31, "user_answer": null, "order_id": 3, "isCorrect": false}}, {"model": "tests_study.questiontest", "pk": 51, "fields": {"question": 15, "test": 32, "user_answer": null, "order_id": 1, "isCorrect": false}}, {"model": "tests_study.questiontest", "pk": 52, "fields": {"question": 13, "test": 32, "user_answer": null, "order_id": 2, "isCorrect": false}}, {"model": "tests_study.questiontest", "pk": 53, "fields": {"question": 14, "test": 32, "user_answer": null, "order_id": 3, "isCorrect": false}}, {"model": "tests_study.questiontest", "pk": 54, "fields": {"question": 12, "test": 33, "user_answer": null, "order_id": 1, "isCorrect": false}}, {"model": "tests_study.questiontest", "pk": 55, "fields": {"question": 11, "test": 33, "user_answer": null, "order_id": 2, "isCorrect": false}}, {"model": "tests_study.questiontest", "pk": 56, "fields": {"question": 8, "test": 33, "user_answer": null, "order_id": 3, "isCorrect": false}}, {"model": "tests_study.questiontest", "pk": 57, "fields": {"question": 15, "test": 34, "user_answer": null, "order_id": 1, "isCorrect": false}}, {"model": "tests_study.questiontest", "pk": 58, "fields": {"question": 10, "test": 34, "user_answer": null, "order_id": 2, "isCorrect": false}}, {"model": "tests_study.questiontest", "pk": 59, "fields": {"question": 9, "test": 34, "user_answer": null, "order_id": 3, "isCorrect": false}}, {"model": "tests_study.questiontest", "pk": 60, "fields": {"question": 13, "test": 35, "user_answer": null, "order_id": 1, "isCorrect": false}}, {"model": "tests_study.questiontest", "pk": 61, "fields": {"question": 8, "test": 35, "user_answer": null, "order_id": 2, "isCorrect": false}}, {"model": "tests_study.questiontest", "pk": 62, "fields": {"question": 11, "test": 35, "user_answer": null, "order_id": 3, "isCorrect": false}}, {"model": "tests_study.questiontest", "pk": 63, "fields": {"question": 15, "test": 36, "user_answer": null, "order_id": 1, "isCorrect": false}}, {"model": "tests_study.questiontest", "pk": 64, "fields": {"question": 9, "test": 36, "user_answer": null, "order_id": 2, "isCorrect": false}}, {"model": "tests_study.questiontest", "pk": 65, "fields": {"question": 8, "test": 36, "user_answer": null, "order_id": 3, "isCorrect": false}}, {"model": "tests_study.questiontest", "pk": 66, "fields": {"question": 26, "test": 36, "user_answer": null, "order_id": 1, "isCorrect": false}}, {"model": "tests_study.questiontest", "pk": 67, "fields": {"question": 25, "test": 36, "user_answer": null, "order_id": 2, "isCorrect": false}}, {"model": "tests_study.questiontest", "pk": 68, "fields": {"question": 40, "test": 36, "user_answer": null, "order_id": 1, "isCorrect": false}}, {"model": "tests_study.questiontest", "pk": 69, "fields": {"question": 34, "test": 36, "user_answer": null, "order_id": 2, "isCorrect": false}}, {"model": "tests_study.questiontest", "pk": 70, "fields": {"question": 9, "test": 37, "user_answer": null, "order_id": 1, "isCorrect": false}}, {"model": "tests_study.questiontest", "pk": 71, "fields": {"question": 11, "test": 37, "user_answer": null, "order_id": 2, "isCorrect": false}}, {"model": "tests_study.questiontest", "pk": 72, "fields": {"question": 12, "test": 37, "user_answer": null, "order_id": 3, "isCorrect": false}}, {"model": "tests_study.questiontest", "pk": 73, "fields": {"question": 19, "test": 37, "user_answer": null, "order_id": 1, "isCorrect": false}}, {"model": "tests_study.questiontest", "pk": 74, "fields": {"question": 24, "test": 37, "user_answer": null, "order_id": 2, "isCorrect": false}}, {"model": "tests_study.questiontest", "pk": 75, "fields": {"question": 36, "test": 37, "user_answer": null, "order_id": 1, "isCorrect": false}}, {"model": "tests_study.questiontest", "pk": 76, "fields": {"question": 32, "test": 37, "user_answer": null, "order_id": 2, "isCorrect": false}}, {"model": "tests_study.questiontest", "pk": 77, "fields": {"question": 14, "test": 38, "user_answer": null, "order_id": 1, "isCorrect": false}}, {"model": "tests_study.questiontest", "pk": 78, "fields": {"question": 9, "test": 38, "user_answer": null, "order_id": 2, "isCorrect": false}}, {"model": "tests_study.questiontest", "pk": 79, "fields": {"question": 11, "test": 38, "user_answer": null, "order_id": 3, "isCorrect": false}}, {"model": "tests_study.questiontest", "pk": 80, "fields": {"question": 8, "test": 39, "user_answer": null, "order_id": 1, "isCorrect": false}}, {"model": "tests_study.questiontest", "pk": 81, "fields": {"question": 11, "test": 39, "user_answer": null, "order_id": 2, "isCorrect": false}}, {"model": "tests_study.questiontest", "pk": 82, "fields": {"question": 10, "test": 39, "user_answer": null, "order_id": 3, "isCorrect": false}}, {"model": "tests_study.questiontest", "pk": 83, "fields": {"question": 10, "test": 40, "user_answer": null, "order_id": 1, "isCorrect": false}}, {"model": "tests_study.questiontest", "pk": 84, "fields": {"question": 12, "test": 40, "user_answer": null, "order_id": 2, "isCorrect": false}}, {"model": "tests_study.questiontest", "pk": 85, "fields": {"question": 9, "test": 40, "user_answer": null, "order_id": 3, "isCorrect": false}}, {"model": "tests_study.questiontest", "pk": 86, "fields": {"question": 14, "test": 41, "user_answer": null, "order_id": 1, "isCorrect": false}}, {"model": "tests_study.questiontest", "pk": 87, "fields": {"question": 10, "test": 41, "user_answer": null, "order_id": 2, "isCorrect": false}}, {"model": "tests_study.questiontest", "pk": 88, "fields": {"question": 11, "test": 41, "user_answer": null, "order_id": 3, "isCorrect": false}}, {"model": "tests_study.questiontest", "pk": 89, "fields": {"question": 12, "test": 42, "user_answer": null, "order_id": 1, "isCorrect": false}}, {"model": "tests_study.questiontest", "pk": 90, "fields": {"question": 15, "test": 42, "user_answer": null, "order_id": 2, "isCorrect": false}}, {"model": "tests_study.questiontest", "pk": 91, "fields": {"question": 11, "test": 42, "user_answer": null, "order_id": 3, "isCorrect": false}}, {"model": "tests_study.questiontest", "pk": 92, "fields": {"question": 24, "test": 42, "user_answer": null, "order_id": 1, "isCorrect": false}}, {"model": "tests_study.questiontest", "pk": 93, "fields": {"question": 21, "test": 42, "user_answer": null, "order_id": 2, "isCorrect": false}}, {"model": "tests_study.questiontest", "pk": 94, "fields": {"question": 35, "test": 42, "user_answer": null, "order_id": 1, "isCorrect": false}}, {"model": "tests_study.questiontest", "pk": 95, "fields": {"question": 32, "test": 42, "user_answer": null, "order_id": 2, "isCorrect": false}}, {"model": "tests_study.questiontest", "pk": 96, "fields": {"question": 9, "test": 43, "user_answer": null, "order_id": 1, "isCorrect": false}}, {"model": "tests_study.questiontest", "pk": 97, "fields": {"question": 12, "test": 43, "user_answer": null, "order_id": 2, "isCorrect": false}}, {"model": "tests_study.questiontest", "pk": 98, "fields": {"question": 14, "test": 43, "user_answer": null, "order_id": 3, "isCorrect": false}}, {"model": "tests_study.questiontest", "pk": 99, "fields": {"question": 18, "test": 43, "user_answer": null, "order_id": 1, "isCorrect": false}}, {"model": "tests_study.questiontest", "pk": 100, "fields": {"question": 27, "test": 43, "user_answer": null, "order_id": 2, "isCorrect": false}}, {"model": "tests_study.questiontest", "pk": 101, "fields": {"question": 33, "test": 43, "user_answer": null, "order_id": 1, "isCorrect": false}}, {"model": "tests_study.questiontest", "pk": 102, "fields": {"question": 31, "test": 43, "user_answer": null, "order_id": 2, "isCorrect": false}}, {"model": "tests_study.questiontest", "pk": 103, "fields": {"question": 13, "test": 44, "user_answer": null, "order_id": 1, "isCorrect": false}}, {"model": "tests_study.questiontest", "pk": 104, "fields": {"question": 9, "test": 44, "user_answer": null, "order_id": 2, "isCorrect": false}}, {"model": "tests_study.questiontest", "pk": 105, "fields": {"question": 11, "test": 44, "user_answer": null, "order_id": 3, "isCorrect": false}}, {"model": "tests_study.questiontest", "pk": 129, "fields": {"question": 15, "test": 76, "user_answer": null, "order_id": 1, "isCorrect": false}}, {"model": "tests_study.questiontest", "pk": 130, "fields": {"question": 13, "test": 76, "user_answer": null, "order_id": 2, "isCorrect": false}}, {"model": "tests_study.questiontest", "pk": 131, "fields": {"question": 8, "test": 76, "user_answer": null, "order_id": 3, "isCorrect": false}}, {"model": "tests_study.questiontest", "pk": 132, "fields": {"question": 11, "test": 77, "user_answer": null, "order_id": 1, "isCorrect": false}}, {"model": "tests_study.questiontest", "pk": 133, "fields": {"question": 12, "test": 77, "user_answer": null, "order_id": 2, "isCorrect": false}}, {"model": "tests_study.questiontest", "pk": 134, "fields": {"question": 13, "test": 77, "user_answer": null, "order_id": 3, "isCorrect": false}}, {"model": "tests_study.questiontest", "pk": 135, "fields": {"question": 9, "test": 78, "user_answer": null, "order_id": 1, "isCorrect": false}}, {"model": "tests_study.questiontest", "pk": 136, "fields": {"question": 12, "test": 78, "user_answer": null, "order_id": 2, "isCorrect": false}}, {"model": "tests_study.questiontest", "pk": 137, "fields": {"question": 15, "test": 78, "user_answer": null, "order_id": 3, "isCorrect": false}}, {"model": "tests_study.questiontest", "pk": 138, "fields": {"question": 10, "test": 79, "user_answer": null, "order_id": 1, "isCorrect": false}}, {"model": "tests_study.questiontest", "pk": 139, "fields": {"question": 14, "test": 79, "user_answer": null, "order_id": 2, "isCorrect": false}}, {"model": "tests_study.questiontest", "pk": 140, "fields": {"question": 13, "test": 79, "user_answer": null, "order_id": 3, "isCorrect": false}}, {"model": "tests_study.questiontest", "pk": 141, "fields": {"question": 9, "test": 80, "user_answer": null, "order_id": 1, "isCorrect": false}}, {"model": "tests_study.questiontest", "pk": 142, "fields": {"question": 13, "test": 80, "user_answer": null, "order_id": 2, "isCorrect": false}}, {"model": "tests_study.questiontest", "pk": 143, "fields": {"question": 14, "test": 80, "user_answer": null, "order_id": 3, "isCorrect": false}}, {"model": "tests_study.questiontest", "pk": 144, "fields": {"question": 9, "test": 81, "user_answer": null, "order_id": 1, "isCorrect": false}}, {"model": "tests_study.questiontest", "pk": 145, "fields": {"question": 14, "test": 81, "user_answer": null, "order_id": 2, "isCorrect": false}}, {"model": "tests_study.questiontest", "pk": 146, "fields": {"question": 11, "test": 81, "user_answer": null, "order_id": 3, "isCorrect": false}}, {"model": "tests_study.questiontest", "pk": 147, "fields": {"question": 11, "test": 82, "user_answer": null, "order_id": 1, "isCorrect": false}}, {"model": "tests_study.questiontest", "pk": 148, "fields": {"question": 13, "test": 82, "user_answer": null, "order_id": 2, "isCorrect": false}}, {"model": "tests_study.questiontest", "pk": 149, "fields": {"question": 14, "test": 82, "user_answer": null, "order_id": 3, "isCorrect": false}}, {"model": "tests_study.questiontest", "pk": 150, "fields": {"question": 10, "test": 83, "user_answer": null, "order_id": 1, "isCorrect": false}}, {"model": "tests_study.questiontest", "pk": 151, "fields": {"question": 12, "test": 83, "user_answer": null, "order_id": 2, "isCorrect": false}}, {"model": "tests_study.questiontest", "pk": 152, "fields": {"question": 9, "test": 83, "user_answer": null, "order_id": 3, "isCorrect": false}}, {"model": "tests_study.questiontest", "pk": 153, "fields": {"question": 8, "test": 84, "user_answer": null, "order_id": 1, "isCorrect": false}}, {"model": "tests_study.questiontest", "pk": 154, "fields": {"question": 14, "test": 84, "user_answer": null, "order_id": 2, "isCorrect": false}}, {"model": "tests_study.questiontest", "pk": 155, "fields": {"question": 13, "test": 84, "user_answer": null, "order_id": 3, "isCorrect": false}}, {"model": "tests_study.questiontest", "pk": 156, "fields": {"question": 13, "test": 85, "user_answer": null, "order_id": 1, "isCorrect": false}}, {"model": "tests_study.questiontest", "pk": 157, "fields": {"question": 10, "test": 85, "user_answer": null, "order_id": 2, "isCorrect": false}}, {"model": "tests_study.questiontest", "pk": 158, "fields": {"question": 8, "test": 85, "user_answer": null, "order_id": 3, "isCorrect": false}}, {"model": "tests_study.questiontest", "pk": 159, "fields": {"question": 14, "test": 86, "user_answer": null, "order_id": 1, "isCorrect": false}}, {"model": "tests_study.questiontest", "pk": 160, "fields": {"question": 13, "test": 86, "user_answer": null, "order_id": 2, "isCorrect": false}}, {"model": "tests_study.questiontest", "pk": 161, "fields": {"question": 15, "test": 86, "user_answer": null, "order_id": 3, "isCorrect": false}}, {"model": "tests_study.questiontest", "pk": 162, "fields": {"question": 10, "test": 87, "user_answer": null, "order_id": 1, "isCorrect": false}}, {"model": "tests_study.questiontest", "pk": 163, "fields": {"question": 9, "test": 87, "user_answer": null, "order_id": 2, "isCorrect": false}}, {"model": "tests_study.questiontest", "pk": 164, "fields": {"question": 8, "test": 87, "user_answer": null, "order_id": 3, "isCorrect": false}}, {"model": "tests_study.questiontest", "pk": 165, "fields": {"question": 11, "test": 88, "user_answer": null, "order_id": 1, "isCorrect": false}}, {"model": "tests_study.questiontest", "pk": 166, "fields": {"question": 8, "test": 88, "user_answer": null, "order_id": 2, "isCorrect": false}}, {"model": "tests_study.questiontest", "pk": 167, "fields": {"question": 10, "test": 88, "user_answer": null, "order_id": 3, "isCorrect": false}}, {"model": "tests_study.questiontest", "pk": 168, "fields": {"question": 8, "test": 89, "user_answer": null, "order_id": 1, "isCorrect": false}}, {"model": "tests_study.questiontest", "pk": 169, "fields": {"question": 13, "test": 89, "user_answer": null, "order_id": 2, "isCorrect": false}}, {"model": "tests_study.questiontest", "pk": 170, "fields": {"question": 12, "test": 89, "user_answer": null, "order_id": 3, "isCorrect": false}}, {"model": "tests_study.questiontest", "pk": 171, "fields": {"question": 12, "test": 90, "user_answer": null, "order_id": 1, "isCorrect": false}}, {"model": "tests_study.questiontest", "pk": 172, "fields": {"question": 14, "test": 90, "user_answer": null, "order_id": 2, "isCorrect": false}}, {"model": "tests_study.questiontest", "pk": 173, "fields": {"question": 9, "test": 90, "user_answer": null, "order_id": 3, "isCorrect": false}}, {"model": "tests_study.questiontest", "pk": 174, "fields": {"question": 11, "test": 91, "user_answer": null, "order_id": 1, "isCorrect": false}}, {"model": "tests_study.questiontest", "pk": 175, "fields": {"question": 10, "test": 91, "user_answer": null, "order_id": 2, "isCorrect": false}}, {"model": "tests_study.questiontest", "pk": 176, "fields": {"question": 15, "test": 91, "user_answer": null, "order_id": 3, "isCorrect": false}}, {"model": "tests_study.questiontest", "pk": 177, "fields": {"question": 20, "test": 91, "user_answer": null, "order_id": 1, "isCorrect": false}}, {"model": "tests_study.questiontest", "pk": 178, "fields": {"question": 19, "test": 91, "user_answer": null, "order_id": 2, "isCorrect": false}}, {"model": "tests_study.questiontest", "pk": 179, "fields": {"question": 35, "test": 91, "user_answer": null, "order_id": 1, "isCorrect": false}}, {"model": "tests_study.questiontest", "pk": 180, "fields": {"question": 31, "test": 91, "user_answer": null, "order_id": 2, "isCorrect": false}}, {"model": "tests_study.questiontest", "pk": 181, "fields": {"question": 10, "test": 92, "user_answer": null, "order_id": 1, "isCorrect": false}}, {"model": "tests_study.questiontest", "pk": 182, "fields": {"question": 14, "test": 92, "user_answer": null, "order_id": 2, "isCorrect": false}}, {"model": "tests_study.questiontest", "pk": 183, "fields": {"question": 13, "test": 92, "user_answer": null, "order_id": 3, "isCorrect": false}}, {"model": "tests_study.questiontest", "pk": 184, "fields": {"question": 11, "test": 93, "user_answer": null, "order_id": 1, "isCorrect": false}}, {"model": "tests_study.questiontest", "pk": 185, "fields": {"question": 14, "test": 93, "user_answer": null, "order_id": 2, "isCorrect": false}}, {"model": "tests_study.questiontest", "pk": 186, "fields": {"question": 9, "test": 93, "user_answer": null, "order_id": 3, "isCorrect": false}}, {"model": "tests_study.questiontest", "pk": 187, "fields": {"question": 14, "test": 94, "user_answer": null, "order_id": 1, "isCorrect": false}}, {"model": "tests_study.questiontest", "pk": 188, "fields": {"question": 12, "test": 94, "user_answer": null, "order_id": 2, "isCorrect": false}}, {"model": "tests_study.questiontest", "pk": 189, "fields": {"question": 15, "test": 94, "user_answer": null, "order_id": 3, "isCorrect": false}}, {"model": "tests_study.questiontest", "pk": 190, "fields": {"question": 15, "test": 95, "user_answer": null, "order_id": 1, "isCorrect": false}}, {"model": "tests_study.questiontest", "pk": 191, "fields": {"question": 10, "test": 95, "user_answer": null, "order_id": 2, "isCorrect": false}}, {"model": "tests_study.questiontest", "pk": 192, "fields": {"question": 12, "test": 95, "user_answer": null, "order_id": 3, "isCorrect": false}}, {"model": "tests_study.questiontest", "pk": 220, "fields": {"question": 8, "test": 127, "user_answer": null, "order_id": 1, "isCorrect": false}}, {"model": "tests_study.questiontest", "pk": 221, "fields": {"question": 9, "test": 127, "user_answer": null, "order_id": 2, "isCorrect": false}}, {"model": "tests_study.questiontest", "pk": 222, "fields": {"question": 10, "test": 127, "user_answer": null, "order_id": 3, "isCorrect": false}}, {"model": "tests_study.questiontest", "pk": 223, "fields": {"question": 13, "test": 128, "user_answer": null, "order_id": 1, "isCorrect": false}}, {"model": "tests_study.questiontest", "pk": 224, "fields": {"question": 12, "test": 128, "user_answer": null, "order_id": 2, "isCorrect": false}}, {"model": "tests_study.questiontest", "pk": 225, "fields": {"question": 10, "test": 128, "user_answer": null, "order_id": 3, "isCorrect": false}}, {"model": "tests_study.questiontest", "pk": 226, "fields": {"question": 13, "test": 129, "user_answer": null, "order_id": 1, "isCorrect": false}}, {"model": "tests_study.questiontest", "pk": 227, "fields": {"question": 15, "test": 129, "user_answer": null, "order_id": 2, "isCorrect": false}}, {"model": "tests_study.questiontest", "pk": 228, "fields": {"question": 12, "test": 129, "user_answer": null, "order_id": 3, "isCorrect": false}}, {"model": "tests_study.questiontest", "pk": 229, "fields": {"question": 8, "test": 130, "user_answer": null, "order_id": 1, "isCorrect": false}}, {"model": "tests_study.questiontest", "pk": 230, "fields": {"question": 9, "test": 130, "user_answer": null, "order_id": 2, "isCorrect": false}}, {"model": "tests_study.questiontest", "pk": 231, "fields": {"question": 11, "test": 130, "user_answer": null, "order_id": 3, "isCorrect": false}}, {"model": "tests_study.questiontest", "pk": 232, "fields": {"question": 8, "test": 131, "user_answer": null, "order_id": 1, "isCorrect": false}}, {"model": "tests_study.questiontest", "pk": 233, "fields": {"question": 15, "test": 131, "user_answer": null, "order_id": 2, "isCorrect": false}}, {"model": "tests_study.questiontest", "pk": 234, "fields": {"question": 9, "test": 131, "user_answer": null, "order_id": 3, "isCorrect": false}}, {"model": "tests_study.questiontest", "pk": 235, "fields": {"question": 8, "test": 132, "user_answer": null, "order_id": 1, "isCorrect": false}}, {"model": "tests_study.questiontest", "pk": 236, "fields": {"question": 12, "test": 132, "user_answer": null, "order_id": 2, "isCorrect": false}}, {"model": "tests_study.questiontest", "pk": 237, "fields": {"question": 9, "test": 132, "user_answer": null, "order_id": 3, "isCorrect": false}}, {"model": "tests_study.questiontest", "pk": 238, "fields": {"question": 13, "test": 133, "user_answer": null, "order_id": 1, "isCorrect": false}}, {"model": "tests_study.questiontest", "pk": 239, "fields": {"question": 9, "test": 133, "user_answer": null, "order_id": 2, "isCorrect": false}}, {"model": "tests_study.questiontest", "pk": 240, "fields": {"question": 15, "test": 133, "user_answer": null, "order_id": 3, "isCorrect": false}}, {"model": "tests_study.questiontest", "pk": 241, "fields": {"question": 9, "test": 134, "user_answer": null, "order_id": 1, "isCorrect": false}}, {"model": "tests_study.questiontest", "pk": 242, "fields": {"question": 11, "test": 134, "user_answer": null, "order_id": 2, "isCorrect": false}}, {"model": "tests_study.questiontest", "pk": 243, "fields": {"question": 13, "test": 134, "user_answer": null, "order_id": 3, "isCorrect": false}}, {"model": "tests_study.questiontest", "pk": 244, "fields": {"question": 13, "test": 135, "user_answer": null, "order_id": 1, "isCorrect": false}}, {"model": "tests_study.questiontest", "pk": 245, "fields": {"question": 12, "test": 135, "user_answer": null, "order_id": 2, "isCorrect": false}}, {"model": "tests_study.questiontest", "pk": 246, "fields": {"question": 14, "test": 135, "user_answer": null, "order_id": 3, "isCorrect": false}}, {"model": "tests_study.questiontest", "pk": 247, "fields": {"question": 11, "test": 136, "user_answer": null, "order_id": 1, "isCorrect": false}}, {"model": "tests_study.questiontest", "pk": 248, "fields": {"question": 15, "test": 136, "user_answer": null, "order_id": 2, "isCorrect": false}}, {"model": "tests_study.questiontest", "pk": 249, "fields": {"question": 12, "test": 136, "user_answer": null, "order_id": 3, "isCorrect": false}}, {"model": "tests_study.questiontest", "pk": 250, "fields": {"question": 8, "test": 137, "user_answer": null, "order_id": 1, "isCorrect": false}}, {"model": "tests_study.questiontest", "pk": 251, "fields": {"question": 13, "test": 137, "user_answer": null, "order_id": 2, "isCorrect": false}}, {"model": "tests_study.questiontest", "pk": 252, "fields": {"question": 15, "test": 137, "user_answer": null, "order_id": 3, "isCorrect": false}}, {"model": "tests_study.questiontest", "pk": 253, "fields": {"question": 9, "test": 138, "user_answer": null, "order_id": 1, "isCorrect": false}}, {"model": "tests_study.questiontest", "pk": 254, "fields": {"question": 14, "test": 138, "user_answer": null, "order_id": 2, "isCorrect": false}}, {"model": "tests_study.questiontest", "pk": 255, "fields": {"question": 15, "test": 138, "user_answer": null, "order_id": 3, "isCorrect": false}}, {"model": "tests_study.questiontest", "pk": 256, "fields": {"question": 15, "test": 139, "user_answer": null, "order_id": 1, "isCorrect": false}}, {"model": "tests_study.questiontest", "pk": 257, "fields": {"question": 13, "test": 139, "user_answer": null, "order_id": 2, "isCorrect": false}}, {"model": "tests_study.questiontest", "pk": 258, "fields": {"question": 10, "test": 139, "user_answer": null, "order_id": 3, "isCorrect": false}}, {"model": "tests_study.questiontest", "pk": 259, "fields": {"question": 13, "test": 140, "user_answer": 29, "order_id": 1, "isCorrect": true}}, {"model": "tests_study.questiontest", "pk": 260, "fields": {"question": 8, "test": 140, "user_answer": 6, "order_id": 2, "isCorrect": true}}, {"model": "tests_study.questiontest", "pk": 261, "fields": {"question": 9, "test": 140, "user_answer": 10, "order_id": 3, "isCorrect": false}}, {"model": "tests_study.answertest", "pk": 1, "fields": {"question_test": 6, "answer": 68, "order_id": 1}}, {"model": "tests_study.answertest", "pk": 2, "fields": {"question_test": 6, "answer": 67, "order_id": 2}}, {"model": "tests_study.answertest", "pk": 3, "fields": {"question_test": 6, "answer": 65, "order_id": 3}}, {"model": "tests_study.answertest", "pk": 4, "fields": {"question_test": 6, "answer": 66, "order_id": 4}}, {"model": "tests_study.answertest", "pk": 5, "fields": {"question_test": 7, "answer": 91, "order_id": 1}}, {"model": "tests_study.answertest", "pk": 6, "fields": {"question_test": 7, "answer": 93, "order_id": 2}}, {"model": "tests_study.answertest", "pk": 7, "fields": {"question_test": 7, "answer": 90, "order_id": 3}}, {"model": "tests_study.answertest", "pk": 8, "fields": {"question_test": 7, "answer": 92, "order_id": 4}}, {"model": "tests_study.answertest", "pk": 9, "fields": {"question_test": 8, "answer": 42, "order_id": 1}}, {"model": "tests_study.answertest", "pk": 10, "fields": {"question_test": 8, "answer": 43, "order_id": 2}}, {"model": "tests_study.answertest", "pk": 11, "fields": {"question_test": 8, "answer": 44, "order_id": 3}}, {"model": "tests_study.answertest", "pk": 12, "fields": {"question_test": 8, "answer": 41, "order_id": 4}}, {"model": "tests_study.answertest", "pk": 13, "fields": {"question_test": 9, "answer": 35, "order_id": 1}}, {"model": "tests_study.answertest", "pk": 14, "fields": {"question_test": 9, "answer": 34, "order_id": 2}}, {"model": "tests_study.answertest", "pk": 15, "fields": {"question_test": 9, "answer": 36, "order_id": 3}}, {"model": "tests_study.answertest", "pk": 16, "fields": {"question_test": 9, "answer": 33, "order_id": 4}}, {"model": "tests_study.answertest", "pk": 17, "fields": {"question_test": 10, "answer": 27, "order_id": 1}}, {"model": "tests_study.answertest", "pk": 18, "fields": {"question_test": 10, "answer": 26, "order_id": 2}}, {"model": "tests_study.answertest", "pk": 19, "fields": {"question_test": 10, "answer": 25, "order_id": 3}}, {"model": "tests_study.answertest", "pk": 20, "fields": {"question_test": 10, "answer": 28, "order_id": 4}}, {"model": "tests_study.answertest", "pk": 21, "fields": {"question_test": 11, "answer": 50, "order_id": 1}}, {"model": "tests_study.answertest", "pk": 22, "fields": {"question_test": 11, "answer": 51, "order_id": 2}}, {"model": "tests_study.answertest", "pk": 23, "fields": {"question_test": 11, "answer": 49, "order_id": 3}}, {"model": "tests_study.answertest", "pk": 24, "fields": {"question_test": 11, "answer": 52, "order_id": 4}}, {"model": "tests_study.answertest", "pk": 25, "fields": {"question_test": 12, "answer": 84, "order_id": 1}}, {"model": "tests_study.answertest", "pk": 26, "fields": {"question_test": 12, "answer": 83, "order_id": 2}}, {"model": "tests_study.answertest", "pk": 27, "fields": {"question_test": 12, "answer": 82, "order_id": 3}}, {"model": "tests_study.answertest", "pk": 28, "fields": {"question_test": 12, "answer": 81, "order_id": 4}}, {"model": "tests_study.answertest", "pk": 29, "fields": {"question_test": 12, "answer": 85, "order_id": 5}}, {"model": "tests_study.answertest", "pk": 30, "fields": {"question_test": 13, "answer": 119, "order_id": 1}}, {"model": "tests_study.answertest", "pk": 31, "fields": {"question_test": 13, "answer": 120, "order_id": 2}}, {"model": "tests_study.answertest", "pk": 32, "fields": {"question_test": 13, "answer": 118, "order_id": 3}}, {"model": "tests_study.answertest", "pk": 33, "fields": {"question_test": 13, "answer": 117, "order_id": 4}}, {"model": "tests_study.answertest", "pk": 34, "fields": {"question_test": 14, "answer": 121, "order_id": 1}}, {"model": "tests_study.answertest", "pk": 35, "fields": {"question_test": 14, "answer": 123, "order_id": 2}}, {"model": "tests_study.answertest", "pk": 36, "fields": {"question_test": 14, "answer": 122, "order_id": 3}}, {"model": "tests_study.answertest", "pk": 37, "fields": {"question_test": 14, "answer": 124, "order_id": 4}}, {"model": "tests_study.answertest", "pk": 38, "fields": {"question_test": 15, "answer": 31, "order_id": 1}}, {"model": "tests_study.answertest", "pk": 39, "fields": {"question_test": 15, "answer": 32, "order_id": 2}}, {"model": "tests_study.answertest", "pk": 40, "fields": {"question_test": 15, "answer": 30, "order_id": 3}}, {"model": "tests_study.answertest", "pk": 41, "fields": {"question_test": 15, "answer": 29, "order_id": 4}}, {"model": "tests_study.answertest", "pk": 42, "fields": {"question_test": 16, "answer": 40, "order_id": 1}}, {"model": "tests_study.answertest", "pk": 43, "fields": {"question_test": 16, "answer": 38, "order_id": 2}}, {"model": "tests_study.answertest", "pk": 44, "fields": {"question_test": 16, "answer": 37, "order_id": 3}}, {"model": "tests_study.answertest", "pk": 45, "fields": {"question_test": 16, "answer": 39, "order_id": 4}}, {"model": "tests_study.answertest", "pk": 46, "fields": {"question_test": 17, "answer": 4, "order_id": 1}}, {"model": "tests_study.answertest", "pk": 47, "fields": {"question_test": 17, "answer": 5, "order_id": 2}}, {"model": "tests_study.answertest", "pk": 48, "fields": {"question_test": 17, "answer": 6, "order_id": 3}}, {"model": "tests_study.answertest", "pk": 49, "fields": {"question_test": 17, "answer": 7, "order_id": 4}}, {"model": "tests_study.answertest", "pk": 50, "fields": {"question_test": 18, "answer": 8, "order_id": 1}}, {"model": "tests_study.answertest", "pk": 51, "fields": {"question_test": 18, "answer": 11, "order_id": 2}}, {"model": "tests_study.answertest", "pk": 52, "fields": {"question_test": 18, "answer": 9, "order_id": 3}}, {"model": "tests_study.answertest", "pk": 53, "fields": {"question_test": 18, "answer": 10, "order_id": 4}}, {"model": "tests_study.answertest", "pk": 54, "fields": {"question_test": 19, "answer": 28, "order_id": 1}}, {"model": "tests_study.answertest", "pk": 55, "fields": {"question_test": 19, "answer": 26, "order_id": 2}}, {"model": "tests_study.answertest", "pk": 56, "fields": {"question_test": 19, "answer": 25, "order_id": 3}}, {"model": "tests_study.answertest", "pk": 57, "fields": {"question_test": 19, "answer": 27, "order_id": 4}}, {"model": "tests_study.answertest", "pk": 58, "fields": {"question_test": 20, "answer": 43, "order_id": 1}}, {"model": "tests_study.answertest", "pk": 59, "fields": {"question_test": 20, "answer": 41, "order_id": 2}}, {"model": "tests_study.answertest", "pk": 60, "fields": {"question_test": 20, "answer": 42, "order_id": 3}}, {"model": "tests_study.answertest", "pk": 61, "fields": {"question_test": 20, "answer": 44, "order_id": 4}}, {"model": "tests_study.answertest", "pk": 62, "fields": {"question_test": 21, "answer": 5, "order_id": 1}}, {"model": "tests_study.answertest", "pk": 63, "fields": {"question_test": 21, "answer": 4, "order_id": 2}}, {"model": "tests_study.answertest", "pk": 64, "fields": {"question_test": 21, "answer": 6, "order_id": 3}}, {"model": "tests_study.answertest", "pk": 65, "fields": {"question_test": 21, "answer": 7, "order_id": 4}}, {"model": "tests_study.answertest", "pk": 66, "fields": {"question_test": 22, "answer": 31, "order_id": 1}}, {"model": "tests_study.answertest", "pk": 67, "fields": {"question_test": 22, "answer": 30, "order_id": 2}}, {"model": "tests_study.answertest", "pk": 68, "fields": {"question_test": 22, "answer": 32, "order_id": 3}}, {"model": "tests_study.answertest", "pk": 69, "fields": {"question_test": 22, "answer": 29, "order_id": 4}}, {"model": "tests_study.answertest", "pk": 70, "fields": {"question_test": 23, "answer": 25, "order_id": 1}}, {"model": "tests_study.answertest", "pk": 71, "fields": {"question_test": 23, "answer": 28, "order_id": 2}}, {"model": "tests_study.answertest", "pk": 72, "fields": {"question_test": 23, "answer": 27, "order_id": 3}}, {"model": "tests_study.answertest", "pk": 73, "fields": {"question_test": 23, "answer": 26, "order_id": 4}}, {"model": "tests_study.answertest", "pk": 74, "fields": {"question_test": 24, "answer": 36, "order_id": 1}}, {"model": "tests_study.answertest", "pk": 75, "fields": {"question_test": 24, "answer": 34, "order_id": 2}}, {"model": "tests_study.answertest", "pk": 76, "fields": {"question_test": 24, "answer": 35, "order_id": 3}}, {"model": "tests_study.answertest", "pk": 77, "fields": {"question_test": 24, "answer": 33, "order_id": 4}}, {"model": "tests_study.answertest", "pk": 78, "fields": {"question_test": 25, "answer": 9, "order_id": 1}}, {"model": "tests_study.answertest", "pk": 79, "fields": {"question_test": 25, "answer": 11, "order_id": 2}}, {"model": "tests_study.answertest", "pk": 80, "fields": {"question_test": 25, "answer": 8, "order_id": 3}}, {"model": "tests_study.answertest", "pk": 81, "fields": {"question_test": 25, "answer": 10, "order_id": 4}}, {"model": "tests_study.answertest", "pk": 82, "fields": {"question_test": 26, "answer": 40, "order_id": 1}}, {"model": "tests_study.answertest", "pk": 83, "fields": {"question_test": 26, "answer": 37, "order_id": 2}}, {"model": "tests_study.answertest", "pk": 84, "fields": {"question_test": 26, "answer": 39, "order_id": 3}}, {"model": "tests_study.answertest", "pk": 85, "fields": {"question_test": 26, "answer": 38, "order_id": 4}}, {"model": "tests_study.answertest", "pk": 86, "fields": {"question_test": 27, "answer": 6, "order_id": 1}}, {"model": "tests_study.answertest", "pk": 87, "fields": {"question_test": 27, "answer": 5, "order_id": 2}}, {"model": "tests_study.answertest", "pk": 88, "fields": {"question_test": 27, "answer": 7, "order_id": 3}}, {"model": "tests_study.answertest", "pk": 89, "fields": {"question_test": 27, "answer": 4, "order_id": 4}}, {"model": "tests_study.answertest", "pk": 90, "fields": {"question_test": 28, "answer": 14, "order_id": 1}}, {"model": "tests_study.answertest", "pk": 91, "fields": {"question_test": 28, "answer": 15, "order_id": 2}}, {"model": "tests_study.answertest", "pk": 92, "fields": {"question_test": 28, "answer": 12, "order_id": 3}}, {"model": "tests_study.answertest", "pk": 93, "fields": {"question_test": 28, "answer": 13, "order_id": 4}}, {"model": "tests_study.answertest", "pk": 94, "fields": {"question_test": 29, "answer": 25, "order_id": 1}}, {"model": "tests_study.answertest", "pk": 95, "fields": {"question_test": 29, "answer": 26, "order_id": 2}}, {"model": "tests_study.answertest", "pk": 96, "fields": {"question_test": 29, "answer": 28, "order_id": 3}}, {"model": "tests_study.answertest", "pk": 97, "fields": {"question_test": 29, "answer": 27, "order_id": 4}}, {"model": "tests_study.answertest", "pk": 98, "fields": {"question_test": 30, "answer": 14, "order_id": 1}}, {"model": "tests_study.answertest", "pk": 99, "fields": {"question_test": 30, "answer": 12, "order_id": 2}}, {"model": "tests_study.answertest", "pk": 100, "fields": {"question_test": 30, "answer": 15, "order_id": 3}}, {"model": "tests_study.answertest", "pk": 101, "fields": {"question_test": 30, "answer": 13, "order_id": 4}}, {"model": "tests_study.answertest", "pk": 102, "fields": {"question_test": 31, "answer": 38, "order_id": 1}}, {"model": "tests_study.answertest", "pk": 103, "fields": {"question_test": 31, "answer": 40, "order_id": 2}}, {"model": "tests_study.answertest", "pk": 104, "fields": {"question_test": 31, "answer": 39, "order_id": 3}}, {"model": "tests_study.answertest", "pk": 105, "fields": {"question_test": 31, "answer": 37, "order_id": 4}}, {"model": "tests_study.answertest", "pk": 106, "fields": {"question_test": 32, "answer": 6, "order_id": 1}}, {"model": "tests_study.answertest", "pk": 107, "fields": {"question_test": 32, "answer": 4, "order_id": 2}}, {"model": "tests_study.answertest", "pk": 108, "fields": {"question_test": 32, "answer": 5, "order_id": 3}}, {"model": "tests_study.answertest", "pk": 109, "fields": {"question_test": 32, "answer": 7, "order_id": 4}}, {"model": "tests_study.answertest", "pk": 110, "fields": {"question_test": 33, "answer": 13, "order_id": 1}}, {"model": "tests_study.answertest", "pk": 111, "fields": {"question_test": 33, "answer": 15, "order_id": 2}}, {"model": "tests_study.answertest", "pk": 112, "fields": {"question_test": 33, "answer": 12, "order_id": 3}}, {"model": "tests_study.answertest", "pk": 113, "fields": {"question_test": 33, "answer": 14, "order_id": 4}}, {"model": "tests_study.answertest", "pk": 114, "fields": {"question_test": 34, "answer": 30, "order_id": 1}}, {"model": "tests_study.answertest", "pk": 115, "fields": {"question_test": 34, "answer": 32, "order_id": 2}}, {"model": "tests_study.answertest", "pk": 116, "fields": {"question_test": 34, "answer": 29, "order_id": 3}}, {"model": "tests_study.answertest", "pk": 117, "fields": {"question_test": 34, "answer": 31, "order_id": 4}}, {"model": "tests_study.answertest", "pk": 118, "fields": {"question_test": 35, "answer": 40, "order_id": 1}}, {"model": "tests_study.answertest", "pk": 119, "fields": {"question_test": 35, "answer": 39, "order_id": 2}}, {"model": "tests_study.answertest", "pk": 120, "fields": {"question_test": 35, "answer": 37, "order_id": 3}}, {"model": "tests_study.answertest", "pk": 121, "fields": {"question_test": 35, "answer": 38, "order_id": 4}}, {"model": "tests_study.answertest", "pk": 122, "fields": {"question_test": 36, "answer": 29, "order_id": 1}}, {"model": "tests_study.answertest", "pk": 123, "fields": {"question_test": 36, "answer": 30, "order_id": 2}}, {"model": "tests_study.answertest", "pk": 124, "fields": {"question_test": 36, "answer": 32, "order_id": 3}}, {"model": "tests_study.answertest", "pk": 125, "fields": {"question_test": 36, "answer": 31, "order_id": 4}}, {"model": "tests_study.answertest", "pk": 126, "fields": {"question_test": 37, "answer": 27, "order_id": 1}}, {"model": "tests_study.answertest", "pk": 127, "fields": {"question_test": 37, "answer": 25, "order_id": 2}}, {"model": "tests_study.answertest", "pk": 128, "fields": {"question_test": 37, "answer": 28, "order_id": 3}}, {"model": "tests_study.answertest", "pk": 129, "fields": {"question_test": 37, "answer": 26, "order_id": 4}}, {"model": "tests_study.answertest", "pk": 130, "fields": {"question_test": 38, "answer": 39, "order_id": 1}}, {"model": "tests_study.answertest", "pk": 131, "fields": {"question_test": 38, "answer": 40, "order_id": 2}}, {"model": "tests_study.answertest", "pk": 132, "fields": {"question_test": 38, "answer": 38, "order_id": 3}}, {"model": "tests_study.answertest", "pk": 133, "fields": {"question_test": 38, "answer": 37, "order_id": 4}}, {"model": "tests_study.answertest", "pk": 134, "fields": {"question_test": 39, "answer": 39, "order_id": 1}}, {"model": "tests_study.answertest", "pk": 135, "fields": {"question_test": 39, "answer": 37, "order_id": 2}}, {"model": "tests_study.answertest", "pk": 136, "fields": {"question_test": 39, "answer": 38, "order_id": 3}}, {"model": "tests_study.answertest", "pk": 137, "fields": {"question_test": 39, "answer": 40, "order_id": 4}}, {"model": "tests_study.answertest", "pk": 138, "fields": {"question_test": 40, "answer": 44, "order_id": 1}}, {"model": "tests_study.answertest", "pk": 139, "fields": {"question_test": 40, "answer": 43, "order_id": 2}}, {"model": "tests_study.answertest", "pk": 140, "fields": {"question_test": 40, "answer": 42, "order_id": 3}}, {"model": "tests_study.answertest", "pk": 141, "fields": {"question_test": 40, "answer": 41, "order_id": 4}}, {"model": "tests_study.answertest", "pk": 142, "fields": {"question_test": 41, "answer": 33, "order_id": 1}}, {"model": "tests_study.answertest", "pk": 143, "fields": {"question_test": 41, "answer": 34, "order_id": 2}}, {"model": "tests_study.answertest", "pk": 144, "fields": {"question_test": 41, "answer": 36, "order_id": 3}}, {"model": "tests_study.answertest", "pk": 145, "fields": {"question_test": 41, "answer": 35, "order_id": 4}}, {"model": "tests_study.answertest", "pk": 146, "fields": {"question_test": 42, "answer": 43, "order_id": 1}}, {"model": "tests_study.answertest", "pk": 147, "fields": {"question_test": 42, "answer": 44, "order_id": 2}}, {"model": "tests_study.answertest", "pk": 148, "fields": {"question_test": 42, "answer": 42, "order_id": 3}}, {"model": "tests_study.answertest", "pk": 149, "fields": {"question_test": 42, "answer": 41, "order_id": 4}}, {"model": "tests_study.answertest", "pk": 150, "fields": {"question_test": 43, "answer": 39, "order_id": 1}}, {"model": "tests_study.answertest", "pk": 151, "fields": {"question_test": 43, "answer": 38, "order_id": 2}}, {"model": "tests_study.answertest", "pk": 152, "fields": {"question_test": 43, "answer": 37, "order_id": 3}}, {"model": "tests_study.answertest", "pk": 153, "fields": {"question_test": 43, "answer": 40, "order_id": 4}}, {"model": "tests_study.answertest", "pk": 154, "fields": {"question_test": 44, "answer": 15, "order_id": 1}}, {"model": "tests_study.answertest", "pk": 155, "fields": {"question_test": 44, "answer": 12, "order_id": 2}}, {"model": "tests_study.answertest", "pk": 156, "fields": {"question_test": 44, "answer": 13, "order_id": 3}}, {"model": "tests_study.answertest", "pk": 157, "fields": {"question_test": 44, "answer": 14, "order_id": 4}}, {"model": "tests_study.answertest", "pk": 158, "fields": {"question_test": 45, "answer": 32, "order_id": 1}}, {"model": "tests_study.answertest", "pk": 159, "fields": {"question_test": 45, "answer": 31, "order_id": 2}}, {"model": "tests_study.answertest", "pk": 160, "fields": {"question_test": 45, "answer": 29, "order_id": 3}}, {"model": "tests_study.answertest", "pk": 161, "fields": {"question_test": 45, "answer": 30, "order_id": 4}}, {"model": "tests_study.answertest", "pk": 162, "fields": {"question_test": 46, "answer": 7, "order_id": 1}}, {"model": "tests_study.answertest", "pk": 163, "fields": {"question_test": 46, "answer": 4, "order_id": 2}}, {"model": "tests_study.answertest", "pk": 164, "fields": {"question_test": 46, "answer": 6, "order_id": 3}}, {"model": "tests_study.answertest", "pk": 165, "fields": {"question_test": 46, "answer": 5, "order_id": 4}}, {"model": "tests_study.answertest", "pk": 166, "fields": {"question_test": 47, "answer": 8, "order_id": 1}}, {"model": "tests_study.answertest", "pk": 167, "fields": {"question_test": 47, "answer": 9, "order_id": 2}}, {"model": "tests_study.answertest", "pk": 168, "fields": {"question_test": 47, "answer": 10, "order_id": 3}}, {"model": "tests_study.answertest", "pk": 169, "fields": {"question_test": 47, "answer": 11, "order_id": 4}}, {"model": "tests_study.answertest", "pk": 170, "fields": {"question_test": 48, "answer": 37, "order_id": 1}}, {"model": "tests_study.answertest", "pk": 171, "fields": {"question_test": 48, "answer": 38, "order_id": 2}}, {"model": "tests_study.answertest", "pk": 172, "fields": {"question_test": 48, "answer": 39, "order_id": 3}}, {"model": "tests_study.answertest", "pk": 173, "fields": {"question_test": 48, "answer": 40, "order_id": 4}}, {"model": "tests_study.answertest", "pk": 174, "fields": {"question_test": 49, "answer": 43, "order_id": 1}}, {"model": "tests_study.answertest", "pk": 175, "fields": {"question_test": 49, "answer": 41, "order_id": 2}}, {"model": "tests_study.answertest", "pk": 176, "fields": {"question_test": 49, "answer": 44, "order_id": 3}}, {"model": "tests_study.answertest", "pk": 177, "fields": {"question_test": 49, "answer": 42, "order_id": 4}}, {"model": "tests_study.answertest", "pk": 178, "fields": {"question_test": 50, "answer": 12, "order_id": 1}}, {"model": "tests_study.answertest", "pk": 179, "fields": {"question_test": 50, "answer": 15, "order_id": 2}}, {"model": "tests_study.answertest", "pk": 180, "fields": {"question_test": 50, "answer": 14, "order_id": 3}}, {"model": "tests_study.answertest", "pk": 181, "fields": {"question_test": 50, "answer": 13, "order_id": 4}}, {"model": "tests_study.answertest", "pk": 182, "fields": {"question_test": 51, "answer": 44, "order_id": 1}}, {"model": "tests_study.answertest", "pk": 183, "fields": {"question_test": 51, "answer": 43, "order_id": 2}}, {"model": "tests_study.answertest", "pk": 184, "fields": {"question_test": 51, "answer": 42, "order_id": 3}}, {"model": "tests_study.answertest", "pk": 185, "fields": {"question_test": 51, "answer": 41, "order_id": 4}}, {"model": "tests_study.answertest", "pk": 186, "fields": {"question_test": 52, "answer": 29, "order_id": 1}}, {"model": "tests_study.answertest", "pk": 187, "fields": {"question_test": 52, "answer": 32, "order_id": 2}}, {"model": "tests_study.answertest", "pk": 188, "fields": {"question_test": 52, "answer": 31, "order_id": 3}}, {"model": "tests_study.answertest", "pk": 189, "fields": {"question_test": 52, "answer": 30, "order_id": 4}}, {"model": "tests_study.answertest", "pk": 190, "fields": {"question_test": 53, "answer": 38, "order_id": 1}}, {"model": "tests_study.answertest", "pk": 191, "fields": {"question_test": 53, "answer": 39, "order_id": 2}}, {"model": "tests_study.answertest", "pk": 192, "fields": {"question_test": 53, "answer": 40, "order_id": 3}}, {"model": "tests_study.answertest", "pk": 193, "fields": {"question_test": 53, "answer": 37, "order_id": 4}}, {"model": "tests_study.answertest", "pk": 194, "fields": {"question_test": 54, "answer": 27, "order_id": 1}}, {"model": "tests_study.answertest", "pk": 195, "fields": {"question_test": 54, "answer": 26, "order_id": 2}}, {"model": "tests_study.answertest", "pk": 196, "fields": {"question_test": 54, "answer": 25, "order_id": 3}}, {"model": "tests_study.answertest", "pk": 197, "fields": {"question_test": 54, "answer": 28, "order_id": 4}}, {"model": "tests_study.answertest", "pk": 198, "fields": {"question_test": 55, "answer": 35, "order_id": 1}}, {"model": "tests_study.answertest", "pk": 199, "fields": {"question_test": 55, "answer": 34, "order_id": 2}}, {"model": "tests_study.answertest", "pk": 200, "fields": {"question_test": 55, "answer": 33, "order_id": 3}}, {"model": "tests_study.answertest", "pk": 201, "fields": {"question_test": 55, "answer": 36, "order_id": 4}}, {"model": "tests_study.answertest", "pk": 202, "fields": {"question_test": 56, "answer": 5, "order_id": 1}}, {"model": "tests_study.answertest", "pk": 203, "fields": {"question_test": 56, "answer": 6, "order_id": 2}}, {"model": "tests_study.answertest", "pk": 204, "fields": {"question_test": 56, "answer": 4, "order_id": 3}}, {"model": "tests_study.answertest", "pk": 205, "fields": {"question_test": 56, "answer": 7, "order_id": 4}}, {"model": "tests_study.answertest", "pk": 206, "fields": {"question_test": 57, "answer": 42, "order_id": 1}}, {"model": "tests_study.answertest", "pk": 207, "fields": {"question_test": 57, "answer": 44, "order_id": 2}}, {"model": "tests_study.answertest", "pk": 208, "fields": {"question_test": 57, "answer": 43, "order_id": 3}}, {"model": "tests_study.answertest", "pk": 209, "fields": {"question_test": 57, "answer": 41, "order_id": 4}}, {"model": "tests_study.answertest", "pk": 210, "fields": {"question_test": 58, "answer": 15, "order_id": 1}}, {"model": "tests_study.answertest", "pk": 211, "fields": {"question_test": 58, "answer": 12, "order_id": 2}}, {"model": "tests_study.answertest", "pk": 212, "fields": {"question_test": 58, "answer": 14, "order_id": 3}}, {"model": "tests_study.answertest", "pk": 213, "fields": {"question_test": 58, "answer": 13, "order_id": 4}}, {"model": "tests_study.answertest", "pk": 214, "fields": {"question_test": 59, "answer": 8, "order_id": 1}}, {"model": "tests_study.answertest", "pk": 215, "fields": {"question_test": 59, "answer": 10, "order_id": 2}}, {"model": "tests_study.answertest", "pk": 216, "fields": {"question_test": 59, "answer": 11, "order_id": 3}}, {"model": "tests_study.answertest", "pk": 217, "fields": {"question_test": 59, "answer": 9, "order_id": 4}}, {"model": "tests_study.answertest", "pk": 218, "fields": {"question_test": 60, "answer": 31, "order_id": 1}}, {"model": "tests_study.answertest", "pk": 219, "fields": {"question_test": 60, "answer": 29, "order_id": 2}}, {"model": "tests_study.answertest", "pk": 220, "fields": {"question_test": 60, "answer": 30, "order_id": 3}}, {"model": "tests_study.answertest", "pk": 221, "fields": {"question_test": 60, "answer": 32, "order_id": 4}}, {"model": "tests_study.answertest", "pk": 222, "fields": {"question_test": 61, "answer": 6, "order_id": 1}}, {"model": "tests_study.answertest", "pk": 223, "fields": {"question_test": 61, "answer": 4, "order_id": 2}}, {"model": "tests_study.answertest", "pk": 224, "fields": {"question_test": 61, "answer": 7, "order_id": 3}}, {"model": "tests_study.answertest", "pk": 225, "fields": {"question_test": 61, "answer": 5, "order_id": 4}}, {"model": "tests_study.answertest", "pk": 226, "fields": {"question_test": 62, "answer": 36, "order_id": 1}}, {"model": "tests_study.answertest", "pk": 227, "fields": {"question_test": 62, "answer": 35, "order_id": 2}}, {"model": "tests_study.answertest", "pk": 228, "fields": {"question_test": 62, "answer": 33, "order_id": 3}}, {"model": "tests_study.answertest", "pk": 229, "fields": {"question_test": 62, "answer": 34, "order_id": 4}}, {"model": "tests_study.answertest", "pk": 230, "fields": {"question_test": 63, "answer": 41, "order_id": 1}}, {"model": "tests_study.answertest", "pk": 231, "fields": {"question_test": 63, "answer": 44, "order_id": 2}}, {"model": "tests_study.answertest", "pk": 232, "fields": {"question_test": 63, "answer": 42, "order_id": 3}}, {"model": "tests_study.answertest", "pk": 233, "fields": {"question_test": 63, "answer": 43, "order_id": 4}}, {"model": "tests_study.answertest", "pk": 234, "fields": {"question_test": 64, "answer": 8, "order_id": 1}}, {"model": "tests_study.answertest", "pk": 235, "fields": {"question_test": 64, "answer": 9, "order_id": 2}}, {"model": "tests_study.answertest", "pk": 236, "fields": {"question_test": 64, "answer": 11, "order_id": 3}}, {"model": "tests_study.answertest", "pk": 237, "fields": {"question_test": 64, "answer": 10, "order_id": 4}}, {"model": "tests_study.answertest", "pk": 238, "fields": {"question_test": 65, "answer": 5, "order_id": 1}}, {"model": "tests_study.answertest", "pk": 239, "fields": {"question_test": 65, "answer": 7, "order_id": 2}}, {"model": "tests_study.answertest", "pk": 240, "fields": {"question_test": 65, "answer": 4, "order_id": 3}}, {"model": "tests_study.answertest", "pk": 241, "fields": {"question_test": 65, "answer": 6, "order_id": 4}}, {"model": "tests_study.answertest", "pk": 242, "fields": {"question_test": 66, "answer": 90, "order_id": 1}}, {"model": "tests_study.answertest", "pk": 243, "fields": {"question_test": 66, "answer": 91, "order_id": 2}}, {"model": "tests_study.answertest", "pk": 244, "fields": {"question_test": 66, "answer": 93, "order_id": 3}}, {"model": "tests_study.answertest", "pk": 245, "fields": {"question_test": 66, "answer": 92, "order_id": 4}}, {"model": "tests_study.answertest", "pk": 246, "fields": {"question_test": 67, "answer": 86, "order_id": 1}}, {"model": "tests_study.answertest", "pk": 247, "fields": {"question_test": 67, "answer": 89, "order_id": 2}}, {"model": "tests_study.answertest", "pk": 248, "fields": {"question_test": 67, "answer": 87, "order_id": 3}}, {"model": "tests_study.answertest", "pk": 249, "fields": {"question_test": 67, "answer": 88, "order_id": 4}}, {"model": "tests_study.answertest", "pk": 250, "fields": {"question_test": 68, "answer": 150, "order_id": 1}}, {"model": "tests_study.answertest", "pk": 251, "fields": {"question_test": 68, "answer": 152, "order_id": 2}}, {"model": "tests_study.answertest", "pk": 252, "fields": {"question_test": 68, "answer": 149, "order_id": 3}}, {"model": "tests_study.answertest", "pk": 253, "fields": {"question_test": 68, "answer": 151, "order_id": 4}}, {"model": "tests_study.answertest", "pk": 254, "fields": {"question_test": 69, "answer": 122, "order_id": 1}}, {"model": "tests_study.answertest", "pk": 255, "fields": {"question_test": 69, "answer": 123, "order_id": 2}}, {"model": "tests_study.answertest", "pk": 256, "fields": {"question_test": 69, "answer": 121, "order_id": 3}}, {"model": "tests_study.answertest", "pk": 257, "fields": {"question_test": 69, "answer": 124, "order_id": 4}}, {"model": "tests_study.answertest", "pk": 258, "fields": {"question_test": 70, "answer": 11, "order_id": 1}}, {"model": "tests_study.answertest", "pk": 259, "fields": {"question_test": 70, "answer": 8, "order_id": 2}}, {"model": "tests_study.answertest", "pk": 260, "fields": {"question_test": 70, "answer": 9, "order_id": 3}}, {"model": "tests_study.answertest", "pk": 261, "fields": {"question_test": 70, "answer": 10, "order_id": 4}}, {"model": "tests_study.answertest", "pk": 262, "fields": {"question_test": 71, "answer": 33, "order_id": 1}}, {"model": "tests_study.answertest", "pk": 263, "fields": {"question_test": 71, "answer": 35, "order_id": 2}}, {"model": "tests_study.answertest", "pk": 264, "fields": {"question_test": 71, "answer": 34, "order_id": 3}}, {"model": "tests_study.answertest", "pk": 265, "fields": {"question_test": 71, "answer": 36, "order_id": 4}}, {"model": "tests_study.answertest", "pk": 266, "fields": {"question_test": 72, "answer": 26, "order_id": 1}}, {"model": "tests_study.answertest", "pk": 267, "fields": {"question_test": 72, "answer": 28, "order_id": 2}}, {"model": "tests_study.answertest", "pk": 268, "fields": {"question_test": 72, "answer": 27, "order_id": 3}}, {"model": "tests_study.answertest", "pk": 269, "fields": {"question_test": 72, "answer": 25, "order_id": 4}}, {"model": "tests_study.answertest", "pk": 270, "fields": {"question_test": 73, "answer": 63, "order_id": 1}}, {"model": "tests_study.answertest", "pk": 271, "fields": {"question_test": 73, "answer": 61, "order_id": 2}}, {"model": "tests_study.answertest", "pk": 272, "fields": {"question_test": 73, "answer": 64, "order_id": 3}}, {"model": "tests_study.answertest", "pk": 273, "fields": {"question_test": 73, "answer": 62, "order_id": 4}}, {"model": "tests_study.answertest", "pk": 274, "fields": {"question_test": 74, "answer": 82, "order_id": 1}}, {"model": "tests_study.answertest", "pk": 275, "fields": {"question_test": 74, "answer": 85, "order_id": 2}}, {"model": "tests_study.answertest", "pk": 276, "fields": {"question_test": 74, "answer": 81, "order_id": 3}}, {"model": "tests_study.answertest", "pk": 277, "fields": {"question_test": 74, "answer": 83, "order_id": 4}}, {"model": "tests_study.answertest", "pk": 278, "fields": {"question_test": 74, "answer": 84, "order_id": 5}}, {"model": "tests_study.answertest", "pk": 279, "fields": {"question_test": 75, "answer": 131, "order_id": 1}}, {"model": "tests_study.answertest", "pk": 280, "fields": {"question_test": 75, "answer": 130, "order_id": 2}}, {"model": "tests_study.answertest", "pk": 281, "fields": {"question_test": 75, "answer": 132, "order_id": 3}}, {"model": "tests_study.answertest", "pk": 282, "fields": {"question_test": 75, "answer": 129, "order_id": 4}}, {"model": "tests_study.answertest", "pk": 283, "fields": {"question_test": 76, "answer": 114, "order_id": 1}}, {"model": "tests_study.answertest", "pk": 284, "fields": {"question_test": 76, "answer": 116, "order_id": 2}}, {"model": "tests_study.answertest", "pk": 285, "fields": {"question_test": 76, "answer": 115, "order_id": 3}}, {"model": "tests_study.answertest", "pk": 286, "fields": {"question_test": 76, "answer": 113, "order_id": 4}}, {"model": "tests_study.answertest", "pk": 287, "fields": {"question_test": 77, "answer": 38, "order_id": 1}}, {"model": "tests_study.answertest", "pk": 288, "fields": {"question_test": 77, "answer": 40, "order_id": 2}}, {"model": "tests_study.answertest", "pk": 289, "fields": {"question_test": 77, "answer": 39, "order_id": 3}}, {"model": "tests_study.answertest", "pk": 290, "fields": {"question_test": 77, "answer": 37, "order_id": 4}}, {"model": "tests_study.answertest", "pk": 291, "fields": {"question_test": 78, "answer": 10, "order_id": 1}}, {"model": "tests_study.answertest", "pk": 292, "fields": {"question_test": 78, "answer": 9, "order_id": 2}}, {"model": "tests_study.answertest", "pk": 293, "fields": {"question_test": 78, "answer": 11, "order_id": 3}}, {"model": "tests_study.answertest", "pk": 294, "fields": {"question_test": 78, "answer": 8, "order_id": 4}}, {"model": "tests_study.answertest", "pk": 295, "fields": {"question_test": 79, "answer": 35, "order_id": 1}}, {"model": "tests_study.answertest", "pk": 296, "fields": {"question_test": 79, "answer": 34, "order_id": 2}}, {"model": "tests_study.answertest", "pk": 297, "fields": {"question_test": 79, "answer": 36, "order_id": 3}}, {"model": "tests_study.answertest", "pk": 298, "fields": {"question_test": 79, "answer": 33, "order_id": 4}}, {"model": "tests_study.answertest", "pk": 299, "fields": {"question_test": 80, "answer": 5, "order_id": 1}}, {"model": "tests_study.answertest", "pk": 300, "fields": {"question_test": 80, "answer": 6, "order_id": 2}}, {"model": "tests_study.answertest", "pk": 301, "fields": {"question_test": 80, "answer": 7, "order_id": 3}}, {"model": "tests_study.answertest", "pk": 302, "fields": {"question_test": 80, "answer": 4, "order_id": 4}}, {"model": "tests_study.answertest", "pk": 303, "fields": {"question_test": 81, "answer": 34, "order_id": 1}}, {"model": "tests_study.answertest", "pk": 304, "fields": {"question_test": 81, "answer": 36, "order_id": 2}}, {"model": "tests_study.answertest", "pk": 305, "fields": {"question_test": 81, "answer": 35, "order_id": 3}}, {"model": "tests_study.answertest", "pk": 306, "fields": {"question_test": 81, "answer": 33, "order_id": 4}}, {"model": "tests_study.answertest", "pk": 307, "fields": {"question_test": 82, "answer": 12, "order_id": 1}}, {"model": "tests_study.answertest", "pk": 308, "fields": {"question_test": 82, "answer": 13, "order_id": 2}}, {"model": "tests_study.answertest", "pk": 309, "fields": {"question_test": 82, "answer": 15, "order_id": 3}}, {"model": "tests_study.answertest", "pk": 310, "fields": {"question_test": 82, "answer": 14, "order_id": 4}}, {"model": "tests_study.answertest", "pk": 311, "fields": {"question_test": 83, "answer": 15, "order_id": 1}}, {"model": "tests_study.answertest", "pk": 312, "fields": {"question_test": 83, "answer": 14, "order_id": 2}}, {"model": "tests_study.answertest", "pk": 313, "fields": {"question_test": 83, "answer": 13, "order_id": 3}}, {"model": "tests_study.answertest", "pk": 314, "fields": {"question_test": 83, "answer": 12, "order_id": 4}}, {"model": "tests_study.answertest", "pk": 315, "fields": {"question_test": 84, "answer": 26, "order_id": 1}}, {"model": "tests_study.answertest", "pk": 316, "fields": {"question_test": 84, "answer": 25, "order_id": 2}}, {"model": "tests_study.answertest", "pk": 317, "fields": {"question_test": 84, "answer": 27, "order_id": 3}}, {"model": "tests_study.answertest", "pk": 318, "fields": {"question_test": 84, "answer": 28, "order_id": 4}}, {"model": "tests_study.answertest", "pk": 319, "fields": {"question_test": 85, "answer": 10, "order_id": 1}}, {"model": "tests_study.answertest", "pk": 320, "fields": {"question_test": 85, "answer": 9, "order_id": 2}}, {"model": "tests_study.answertest", "pk": 321, "fields": {"question_test": 85, "answer": 11, "order_id": 3}}, {"model": "tests_study.answertest", "pk": 322, "fields": {"question_test": 85, "answer": 8, "order_id": 4}}, {"model": "tests_study.answertest", "pk": 323, "fields": {"question_test": 86, "answer": 37, "order_id": 1}}, {"model": "tests_study.answertest", "pk": 324, "fields": {"question_test": 86, "answer": 39, "order_id": 2}}, {"model": "tests_study.answertest", "pk": 325, "fields": {"question_test": 86, "answer": 40, "order_id": 3}}, {"model": "tests_study.answertest", "pk": 326, "fields": {"question_test": 86, "answer": 38, "order_id": 4}}, {"model": "tests_study.answertest", "pk": 327, "fields": {"question_test": 87, "answer": 12, "order_id": 1}}, {"model": "tests_study.answertest", "pk": 328, "fields": {"question_test": 87, "answer": 15, "order_id": 2}}, {"model": "tests_study.answertest", "pk": 329, "fields": {"question_test": 87, "answer": 14, "order_id": 3}}, {"model": "tests_study.answertest", "pk": 330, "fields": {"question_test": 87, "answer": 13, "order_id": 4}}, {"model": "tests_study.answertest", "pk": 331, "fields": {"question_test": 88, "answer": 36, "order_id": 1}}, {"model": "tests_study.answertest", "pk": 332, "fields": {"question_test": 88, "answer": 35, "order_id": 2}}, {"model": "tests_study.answertest", "pk": 333, "fields": {"question_test": 88, "answer": 34, "order_id": 3}}, {"model": "tests_study.answertest", "pk": 334, "fields": {"question_test": 88, "answer": 33, "order_id": 4}}, {"model": "tests_study.answertest", "pk": 335, "fields": {"question_test": 89, "answer": 28, "order_id": 1}}, {"model": "tests_study.answertest", "pk": 336, "fields": {"question_test": 89, "answer": 27, "order_id": 2}}, {"model": "tests_study.answertest", "pk": 337, "fields": {"question_test": 89, "answer": 25, "order_id": 3}}, {"model": "tests_study.answertest", "pk": 338, "fields": {"question_test": 89, "answer": 26, "order_id": 4}}, {"model": "tests_study.answertest", "pk": 339, "fields": {"question_test": 90, "answer": 43, "order_id": 1}}, {"model": "tests_study.answertest", "pk": 340, "fields": {"question_test": 90, "answer": 41, "order_id": 2}}, {"model": "tests_study.answertest", "pk": 341, "fields": {"question_test": 90, "answer": 42, "order_id": 3}}, {"model": "tests_study.answertest", "pk": 342, "fields": {"question_test": 90, "answer": 44, "order_id": 4}}, {"model": "tests_study.answertest", "pk": 343, "fields": {"question_test": 91, "answer": 34, "order_id": 1}}, {"model": "tests_study.answertest", "pk": 344, "fields": {"question_test": 91, "answer": 35, "order_id": 2}}, {"model": "tests_study.answertest", "pk": 345, "fields": {"question_test": 91, "answer": 36, "order_id": 3}}, {"model": "tests_study.answertest", "pk": 346, "fields": {"question_test": 91, "answer": 33, "order_id": 4}}, {"model": "tests_study.answertest", "pk": 347, "fields": {"question_test": 92, "answer": 82, "order_id": 1}}, {"model": "tests_study.answertest", "pk": 348, "fields": {"question_test": 92, "answer": 83, "order_id": 2}}, {"model": "tests_study.answertest", "pk": 349, "fields": {"question_test": 92, "answer": 81, "order_id": 3}}, {"model": "tests_study.answertest", "pk": 350, "fields": {"question_test": 92, "answer": 84, "order_id": 4}}, {"model": "tests_study.answertest", "pk": 351, "fields": {"question_test": 92, "answer": 85, "order_id": 5}}, {"model": "tests_study.answertest", "pk": 352, "fields": {"question_test": 93, "answer": 71, "order_id": 1}}, {"model": "tests_study.answertest", "pk": 353, "fields": {"question_test": 93, "answer": 72, "order_id": 2}}, {"model": "tests_study.answertest", "pk": 354, "fields": {"question_test": 93, "answer": 70, "order_id": 3}}, {"model": "tests_study.answertest", "pk": 355, "fields": {"question_test": 93, "answer": 69, "order_id": 4}}, {"model": "tests_study.answertest", "pk": 356, "fields": {"question_test": 94, "answer": 125, "order_id": 1}}, {"model": "tests_study.answertest", "pk": 357, "fields": {"question_test": 94, "answer": 128, "order_id": 2}}, {"model": "tests_study.answertest", "pk": 358, "fields": {"question_test": 94, "answer": 126, "order_id": 3}}, {"model": "tests_study.answertest", "pk": 359, "fields": {"question_test": 94, "answer": 127, "order_id": 4}}, {"model": "tests_study.answertest", "pk": 360, "fields": {"question_test": 95, "answer": 115, "order_id": 1}}, {"model": "tests_study.answertest", "pk": 361, "fields": {"question_test": 95, "answer": 113, "order_id": 2}}, {"model": "tests_study.answertest", "pk": 362, "fields": {"question_test": 95, "answer": 116, "order_id": 3}}, {"model": "tests_study.answertest", "pk": 363, "fields": {"question_test": 95, "answer": 114, "order_id": 4}}, {"model": "tests_study.answertest", "pk": 364, "fields": {"question_test": 96, "answer": 8, "order_id": 1}}, {"model": "tests_study.answertest", "pk": 365, "fields": {"question_test": 96, "answer": 10, "order_id": 2}}, {"model": "tests_study.answertest", "pk": 366, "fields": {"question_test": 96, "answer": 9, "order_id": 3}}, {"model": "tests_study.answertest", "pk": 367, "fields": {"question_test": 96, "answer": 11, "order_id": 4}}, {"model": "tests_study.answertest", "pk": 368, "fields": {"question_test": 97, "answer": 28, "order_id": 1}}, {"model": "tests_study.answertest", "pk": 369, "fields": {"question_test": 97, "answer": 26, "order_id": 2}}, {"model": "tests_study.answertest", "pk": 370, "fields": {"question_test": 97, "answer": 27, "order_id": 3}}, {"model": "tests_study.answertest", "pk": 371, "fields": {"question_test": 97, "answer": 25, "order_id": 4}}, {"model": "tests_study.answertest", "pk": 372, "fields": {"question_test": 98, "answer": 40, "order_id": 1}}, {"model": "tests_study.answertest", "pk": 373, "fields": {"question_test": 98, "answer": 39, "order_id": 2}}, {"model": "tests_study.answertest", "pk": 374, "fields": {"question_test": 98, "answer": 38, "order_id": 3}}, {"model": "tests_study.answertest", "pk": 375, "fields": {"question_test": 98, "answer": 37, "order_id": 4}}, {"model": "tests_study.answertest", "pk": 376, "fields": {"question_test": 99, "answer": 57, "order_id": 1}}, {"model": "tests_study.answertest", "pk": 377, "fields": {"question_test": 99, "answer": 60, "order_id": 2}}, {"model": "tests_study.answertest", "pk": 378, "fields": {"question_test": 99, "answer": 58, "order_id": 3}}, {"model": "tests_study.answertest", "pk": 379, "fields": {"question_test": 99, "answer": 59, "order_id": 4}}, {"model": "tests_study.answertest", "pk": 380, "fields": {"question_test": 100, "answer": 95, "order_id": 1}}, {"model": "tests_study.answertest", "pk": 381, "fields": {"question_test": 100, "answer": 94, "order_id": 2}}, {"model": "tests_study.answertest", "pk": 382, "fields": {"question_test": 100, "answer": 96, "order_id": 3}}, {"model": "tests_study.answertest", "pk": 383, "fields": {"question_test": 100, "answer": 97, "order_id": 4}}, {"model": "tests_study.answertest", "pk": 384, "fields": {"question_test": 101, "answer": 120, "order_id": 1}}, {"model": "tests_study.answertest", "pk": 385, "fields": {"question_test": 101, "answer": 119, "order_id": 2}}, {"model": "tests_study.answertest", "pk": 386, "fields": {"question_test": 101, "answer": 117, "order_id": 3}}, {"model": "tests_study.answertest", "pk": 387, "fields": {"question_test": 101, "answer": 118, "order_id": 4}}, {"model": "tests_study.answertest", "pk": 388, "fields": {"question_test": 102, "answer": 110, "order_id": 1}}, {"model": "tests_study.answertest", "pk": 389, "fields": {"question_test": 102, "answer": 109, "order_id": 2}}, {"model": "tests_study.answertest", "pk": 390, "fields": {"question_test": 102, "answer": 111, "order_id": 3}}, {"model": "tests_study.answertest", "pk": 391, "fields": {"question_test": 102, "answer": 112, "order_id": 4}}, {"model": "tests_study.answertest", "pk": 392, "fields": {"question_test": 103, "answer": 29, "order_id": 1}}, {"model": "tests_study.answertest", "pk": 393, "fields": {"question_test": 103, "answer": 30, "order_id": 2}}, {"model": "tests_study.answertest", "pk": 394, "fields": {"question_test": 103, "answer": 31, "order_id": 3}}, {"model": "tests_study.answertest", "pk": 395, "fields": {"question_test": 103, "answer": 32, "order_id": 4}}, {"model": "tests_study.answertest", "pk": 396, "fields": {"question_test": 104, "answer": 11, "order_id": 1}}, {"model": "tests_study.answertest", "pk": 397, "fields": {"question_test": 104, "answer": 8, "order_id": 2}}, {"model": "tests_study.answertest", "pk": 398, "fields": {"question_test": 104, "answer": 10, "order_id": 3}}, {"model": "tests_study.answertest", "pk": 399, "fields": {"question_test": 104, "answer": 9, "order_id": 4}}, {"model": "tests_study.answertest", "pk": 400, "fields": {"question_test": 105, "answer": 33, "order_id": 1}}, {"model": "tests_study.answertest", "pk": 401, "fields": {"question_test": 105, "answer": 34, "order_id": 2}}, {"model": "tests_study.answertest", "pk": 402, "fields": {"question_test": 105, "answer": 36, "order_id": 3}}, {"model": "tests_study.answertest", "pk": 403, "fields": {"question_test": 105, "answer": 35, "order_id": 4}}, {"model": "tests_study.answertest", "pk": 430, "fields": {"question_test": 129, "answer": 41, "order_id": 1}}, {"model": "tests_study.answertest", "pk": 431, "fields": {"question_test": 129, "answer": 43, "order_id": 2}}, {"model": "tests_study.answertest", "pk": 432, "fields": {"question_test": 129, "answer": 42, "order_id": 3}}, {"model": "tests_study.answertest", "pk": 433, "fields": {"question_test": 129, "answer": 44, "order_id": 4}}, {"model": "tests_study.answertest", "pk": 434, "fields": {"question_test": 130, "answer": 31, "order_id": 1}}, {"model": "tests_study.answertest", "pk": 435, "fields": {"question_test": 130, "answer": 29, "order_id": 2}}, {"model": "tests_study.answertest", "pk": 436, "fields": {"question_test": 130, "answer": 30, "order_id": 3}}, {"model": "tests_study.answertest", "pk": 437, "fields": {"question_test": 130, "answer": 32, "order_id": 4}}, {"model": "tests_study.answertest", "pk": 438, "fields": {"question_test": 131, "answer": 5, "order_id": 1}}, {"model": "tests_study.answertest", "pk": 439, "fields": {"question_test": 131, "answer": 6, "order_id": 2}}, {"model": "tests_study.answertest", "pk": 440, "fields": {"question_test": 131, "answer": 7, "order_id": 3}}, {"model": "tests_study.answertest", "pk": 441, "fields": {"question_test": 131, "answer": 4, "order_id": 4}}, {"model": "tests_study.answertest", "pk": 442, "fields": {"question_test": 132, "answer": 33, "order_id": 1}}, {"model": "tests_study.answertest", "pk": 443, "fields": {"question_test": 132, "answer": 35, "order_id": 2}}, {"model": "tests_study.answertest", "pk": 444, "fields": {"question_test": 132, "answer": 36, "order_id": 3}}, {"model": "tests_study.answertest", "pk": 445, "fields": {"question_test": 132, "answer": 34, "order_id": 4}}, {"model": "tests_study.answertest", "pk": 446, "fields": {"question_test": 133, "answer": 25, "order_id": 1}}, {"model": "tests_study.answertest", "pk": 447, "fields": {"question_test": 133, "answer": 26, "order_id": 2}}, {"model": "tests_study.answertest", "pk": 448, "fields": {"question_test": 133, "answer": 28, "order_id": 3}}, {"model": "tests_study.answertest", "pk": 449, "fields": {"question_test": 133, "answer": 27, "order_id": 4}}, {"model": "tests_study.answertest", "pk": 450, "fields": {"question_test": 134, "answer": 32, "order_id": 1}}, {"model": "tests_study.answertest", "pk": 451, "fields": {"question_test": 134, "answer": 29, "order_id": 2}}, {"model": "tests_study.answertest", "pk": 452, "fields": {"question_test": 134, "answer": 30, "order_id": 3}}, {"model": "tests_study.answertest", "pk": 453, "fields": {"question_test": 134, "answer": 31, "order_id": 4}}, {"model": "tests_study.answertest", "pk": 454, "fields": {"question_test": 135, "answer": 10, "order_id": 1}}, {"model": "tests_study.answertest", "pk": 455, "fields": {"question_test": 135, "answer": 9, "order_id": 2}}, {"model": "tests_study.answertest", "pk": 456, "fields": {"question_test": 135, "answer": 8, "order_id": 3}}, {"model": "tests_study.answertest", "pk": 457, "fields": {"question_test": 135, "answer": 11, "order_id": 4}}, {"model": "tests_study.answertest", "pk": 458, "fields": {"question_test": 136, "answer": 25, "order_id": 1}}, {"model": "tests_study.answertest", "pk": 459, "fields": {"question_test": 136, "answer": 28, "order_id": 2}}, {"model": "tests_study.answertest", "pk": 460, "fields": {"question_test": 136, "answer": 26, "order_id": 3}}, {"model": "tests_study.answertest", "pk": 461, "fields": {"question_test": 136, "answer": 27, "order_id": 4}}, {"model": "tests_study.answertest", "pk": 462, "fields": {"question_test": 137, "answer": 44, "order_id": 1}}, {"model": "tests_study.answertest", "pk": 463, "fields": {"question_test": 137, "answer": 41, "order_id": 2}}, {"model": "tests_study.answertest", "pk": 464, "fields": {"question_test": 137, "answer": 42, "order_id": 3}}, {"model": "tests_study.answertest", "pk": 465, "fields": {"question_test": 137, "answer": 43, "order_id": 4}}, {"model": "tests_study.answertest", "pk": 466, "fields": {"question_test": 138, "answer": 12, "order_id": 1}}, {"model": "tests_study.answertest", "pk": 467, "fields": {"question_test": 138, "answer": 15, "order_id": 2}}, {"model": "tests_study.answertest", "pk": 468, "fields": {"question_test": 138, "answer": 13, "order_id": 3}}, {"model": "tests_study.answertest", "pk": 469, "fields": {"question_test": 138, "answer": 14, "order_id": 4}}, {"model": "tests_study.answertest", "pk": 470, "fields": {"question_test": 139, "answer": 38, "order_id": 1}}, {"model": "tests_study.answertest", "pk": 471, "fields": {"question_test": 139, "answer": 37, "order_id": 2}}, {"model": "tests_study.answertest", "pk": 472, "fields": {"question_test": 139, "answer": 40, "order_id": 3}}, {"model": "tests_study.answertest", "pk": 473, "fields": {"question_test": 139, "answer": 39, "order_id": 4}}, {"model": "tests_study.answertest", "pk": 474, "fields": {"question_test": 140, "answer": 29, "order_id": 1}}, {"model": "tests_study.answertest", "pk": 475, "fields": {"question_test": 140, "answer": 32, "order_id": 2}}, {"model": "tests_study.answertest", "pk": 476, "fields": {"question_test": 140, "answer": 30, "order_id": 3}}, {"model": "tests_study.answertest", "pk": 477, "fields": {"question_test": 140, "answer": 31, "order_id": 4}}, {"model": "tests_study.answertest", "pk": 478, "fields": {"question_test": 141, "answer": 10, "order_id": 1}}, {"model": "tests_study.answertest", "pk": 479, "fields": {"question_test": 141, "answer": 11, "order_id": 2}}, {"model": "tests_study.answertest", "pk": 480, "fields": {"question_test": 141, "answer": 8, "order_id": 3}}, {"model": "tests_study.answertest", "pk": 481, "fields": {"question_test": 141, "answer": 9, "order_id": 4}}, {"model": "tests_study.answertest", "pk": 482, "fields": {"question_test": 142, "answer": 29, "order_id": 1}}, {"model": "tests_study.answertest", "pk": 483, "fields": {"question_test": 142, "answer": 32, "order_id": 2}}, {"model": "tests_study.answertest", "pk": 484, "fields": {"question_test": 142, "answer": 31, "order_id": 3}}, {"model": "tests_study.answertest", "pk": 485, "fields": {"question_test": 142, "answer": 30, "order_id": 4}}, {"model": "tests_study.answertest", "pk": 486, "fields": {"question_test": 143, "answer": 38, "order_id": 1}}, {"model": "tests_study.answertest", "pk": 487, "fields": {"question_test": 143, "answer": 37, "order_id": 2}}, {"model": "tests_study.answertest", "pk": 488, "fields": {"question_test": 143, "answer": 39, "order_id": 3}}, {"model": "tests_study.answertest", "pk": 489, "fields": {"question_test": 143, "answer": 40, "order_id": 4}}, {"model": "tests_study.answertest", "pk": 490, "fields": {"question_test": 144, "answer": 11, "order_id": 1}}, {"model": "tests_study.answertest", "pk": 491, "fields": {"question_test": 144, "answer": 10, "order_id": 2}}, {"model": "tests_study.answertest", "pk": 492, "fields": {"question_test": 144, "answer": 8, "order_id": 3}}, {"model": "tests_study.answertest", "pk": 493, "fields": {"question_test": 144, "answer": 9, "order_id": 4}}, {"model": "tests_study.answertest", "pk": 494, "fields": {"question_test": 145, "answer": 38, "order_id": 1}}, {"model": "tests_study.answertest", "pk": 495, "fields": {"question_test": 145, "answer": 40, "order_id": 2}}, {"model": "tests_study.answertest", "pk": 496, "fields": {"question_test": 145, "answer": 39, "order_id": 3}}, {"model": "tests_study.answertest", "pk": 497, "fields": {"question_test": 145, "answer": 37, "order_id": 4}}, {"model": "tests_study.answertest", "pk": 498, "fields": {"question_test": 146, "answer": 35, "order_id": 1}}, {"model": "tests_study.answertest", "pk": 499, "fields": {"question_test": 146, "answer": 34, "order_id": 2}}, {"model": "tests_study.answertest", "pk": 500, "fields": {"question_test": 146, "answer": 36, "order_id": 3}}, {"model": "tests_study.answertest", "pk": 501, "fields": {"question_test": 146, "answer": 33, "order_id": 4}}, {"model": "tests_study.answertest", "pk": 502, "fields": {"question_test": 147, "answer": 34, "order_id": 1}}, {"model": "tests_study.answertest", "pk": 503, "fields": {"question_test": 147, "answer": 33, "order_id": 2}}, {"model": "tests_study.answertest", "pk": 504, "fields": {"question_test": 147, "answer": 35, "order_id": 3}}, {"model": "tests_study.answertest", "pk": 505, "fields": {"question_test": 147, "answer": 36, "order_id": 4}}, {"model": "tests_study.answertest", "pk": 506, "fields": {"question_test": 148, "answer": 32, "order_id": 1}}, {"model": "tests_study.answertest", "pk": 507, "fields": {"question_test": 148, "answer": 29, "order_id": 2}}, {"model": "tests_study.answertest", "pk": 508, "fields": {"question_test": 148, "answer": 30, "order_id": 3}}, {"model": "tests_study.answertest", "pk": 509, "fields": {"question_test": 148, "answer": 31, "order_id": 4}}, {"model": "tests_study.answertest", "pk": 510, "fields": {"question_test": 149, "answer": 39, "order_id": 1}}, {"model": "tests_study.answertest", "pk": 511, "fields": {"question_test": 149, "answer": 40, "order_id": 2}}, {"model": "tests_study.answertest", "pk": 512, "fields": {"question_test": 149, "answer": 37, "order_id": 3}}, {"model": "tests_study.answertest", "pk": 513, "fields": {"question_test": 149, "answer": 38, "order_id": 4}}, {"model": "tests_study.answertest", "pk": 514, "fields": {"question_test": 150, "answer": 12, "order_id": 1}}, {"model": "tests_study.answertest", "pk": 515, "fields": {"question_test": 150, "answer": 13, "order_id": 2}}, {"model": "tests_study.answertest", "pk": 516, "fields": {"question_test": 150, "answer": 15, "order_id": 3}}, {"model": "tests_study.answertest", "pk": 517, "fields": {"question_test": 150, "answer": 14, "order_id": 4}}, {"model": "tests_study.answertest", "pk": 518, "fields": {"question_test": 151, "answer": 28, "order_id": 1}}, {"model": "tests_study.answertest", "pk": 519, "fields": {"question_test": 151, "answer": 25, "order_id": 2}}, {"model": "tests_study.answertest", "pk": 520, "fields": {"question_test": 151, "answer": 27, "order_id": 3}}, {"model": "tests_study.answertest", "pk": 521, "fields": {"question_test": 151, "answer": 26, "order_id": 4}}, {"model": "tests_study.answertest", "pk": 522, "fields": {"question_test": 152, "answer": 10, "order_id": 1}}, {"model": "tests_study.answertest", "pk": 523, "fields": {"question_test": 152, "answer": 11, "order_id": 2}}, {"model": "tests_study.answertest", "pk": 524, "fields": {"question_test": 152, "answer": 9, "order_id": 3}}, {"model": "tests_study.answertest", "pk": 525, "fields": {"question_test": 152, "answer": 8, "order_id": 4}}, {"model": "tests_study.answertest", "pk": 526, "fields": {"question_test": 153, "answer": 7, "order_id": 1}}, {"model": "tests_study.answertest", "pk": 527, "fields": {"question_test": 153, "answer": 5, "order_id": 2}}, {"model": "tests_study.answertest", "pk": 528, "fields": {"question_test": 153, "answer": 6, "order_id": 3}}, {"model": "tests_study.answertest", "pk": 529, "fields": {"question_test": 153, "answer": 4, "order_id": 4}}, {"model": "tests_study.answertest", "pk": 530, "fields": {"question_test": 154, "answer": 39, "order_id": 1}}, {"model": "tests_study.answertest", "pk": 531, "fields": {"question_test": 154, "answer": 38, "order_id": 2}}, {"model": "tests_study.answertest", "pk": 532, "fields": {"question_test": 154, "answer": 37, "order_id": 3}}, {"model": "tests_study.answertest", "pk": 533, "fields": {"question_test": 154, "answer": 40, "order_id": 4}}, {"model": "tests_study.answertest", "pk": 534, "fields": {"question_test": 155, "answer": 32, "order_id": 1}}, {"model": "tests_study.answertest", "pk": 535, "fields": {"question_test": 155, "answer": 30, "order_id": 2}}, {"model": "tests_study.answertest", "pk": 536, "fields": {"question_test": 155, "answer": 31, "order_id": 3}}, {"model": "tests_study.answertest", "pk": 537, "fields": {"question_test": 155, "answer": 29, "order_id": 4}}, {"model": "tests_study.answertest", "pk": 538, "fields": {"question_test": 156, "answer": 32, "order_id": 1}}, {"model": "tests_study.answertest", "pk": 539, "fields": {"question_test": 156, "answer": 29, "order_id": 2}}, {"model": "tests_study.answertest", "pk": 540, "fields": {"question_test": 156, "answer": 31, "order_id": 3}}, {"model": "tests_study.answertest", "pk": 541, "fields": {"question_test": 156, "answer": 30, "order_id": 4}}, {"model": "tests_study.answertest", "pk": 542, "fields": {"question_test": 157, "answer": 15, "order_id": 1}}, {"model": "tests_study.answertest", "pk": 543, "fields": {"question_test": 157, "answer": 13, "order_id": 2}}, {"model": "tests_study.answertest", "pk": 544, "fields": {"question_test": 157, "answer": 12, "order_id": 3}}, {"model": "tests_study.answertest", "pk": 545, "fields": {"question_test": 157, "answer": 14, "order_id": 4}}, {"model": "tests_study.answertest", "pk": 546, "fields": {"question_test": 158, "answer": 7, "order_id": 1}}, {"model": "tests_study.answertest", "pk": 547, "fields": {"question_test": 158, "answer": 5, "order_id": 2}}, {"model": "tests_study.answertest", "pk": 548, "fields": {"question_test": 158, "answer": 6, "order_id": 3}}, {"model": "tests_study.answertest", "pk": 549, "fields": {"question_test": 158, "answer": 4, "order_id": 4}}, {"model": "tests_study.answertest", "pk": 550, "fields": {"question_test": 159, "answer": 39, "order_id": 1}}, {"model": "tests_study.answertest", "pk": 551, "fields": {"question_test": 159, "answer": 40, "order_id": 2}}, {"model": "tests_study.answertest", "pk": 552, "fields": {"question_test": 159, "answer": 38, "order_id": 3}}, {"model": "tests_study.answertest", "pk": 553, "fields": {"question_test": 159, "answer": 37, "order_id": 4}}, {"model": "tests_study.answertest", "pk": 554, "fields": {"question_test": 160, "answer": 32, "order_id": 1}}, {"model": "tests_study.answertest", "pk": 555, "fields": {"question_test": 160, "answer": 29, "order_id": 2}}, {"model": "tests_study.answertest", "pk": 556, "fields": {"question_test": 160, "answer": 30, "order_id": 3}}, {"model": "tests_study.answertest", "pk": 557, "fields": {"question_test": 160, "answer": 31, "order_id": 4}}, {"model": "tests_study.answertest", "pk": 558, "fields": {"question_test": 161, "answer": 44, "order_id": 1}}, {"model": "tests_study.answertest", "pk": 559, "fields": {"question_test": 161, "answer": 41, "order_id": 2}}, {"model": "tests_study.answertest", "pk": 560, "fields": {"question_test": 161, "answer": 42, "order_id": 3}}, {"model": "tests_study.answertest", "pk": 561, "fields": {"question_test": 161, "answer": 43, "order_id": 4}}, {"model": "tests_study.answertest", "pk": 562, "fields": {"question_test": 162, "answer": 13, "order_id": 1}}, {"model": "tests_study.answertest", "pk": 563, "fields": {"question_test": 162, "answer": 12, "order_id": 2}}, {"model": "tests_study.answertest", "pk": 564, "fields": {"question_test": 162, "answer": 14, "order_id": 3}}, {"model": "tests_study.answertest", "pk": 565, "fields": {"question_test": 162, "answer": 15, "order_id": 4}}, {"model": "tests_study.answertest", "pk": 566, "fields": {"question_test": 163, "answer": 10, "order_id": 1}}, {"model": "tests_study.answertest", "pk": 567, "fields": {"question_test": 163, "answer": 9, "order_id": 2}}, {"model": "tests_study.answertest", "pk": 568, "fields": {"question_test": 163, "answer": 8, "order_id": 3}}, {"model": "tests_study.answertest", "pk": 569, "fields": {"question_test": 163, "answer": 11, "order_id": 4}}, {"model": "tests_study.answertest", "pk": 570, "fields": {"question_test": 164, "answer": 6, "order_id": 1}}, {"model": "tests_study.answertest", "pk": 571, "fields": {"question_test": 164, "answer": 5, "order_id": 2}}, {"model": "tests_study.answertest", "pk": 572, "fields": {"question_test": 164, "answer": 4, "order_id": 3}}, {"model": "tests_study.answertest", "pk": 573, "fields": {"question_test": 164, "answer": 7, "order_id": 4}}, {"model": "tests_study.answertest", "pk": 574, "fields": {"question_test": 165, "answer": 36, "order_id": 1}}, {"model": "tests_study.answertest", "pk": 575, "fields": {"question_test": 165, "answer": 33, "order_id": 2}}, {"model": "tests_study.answertest", "pk": 576, "fields": {"question_test": 165, "answer": 35, "order_id": 3}}, {"model": "tests_study.answertest", "pk": 577, "fields": {"question_test": 165, "answer": 34, "order_id": 4}}, {"model": "tests_study.answertest", "pk": 578, "fields": {"question_test": 166, "answer": 4, "order_id": 1}}, {"model": "tests_study.answertest", "pk": 579, "fields": {"question_test": 166, "answer": 5, "order_id": 2}}, {"model": "tests_study.answertest", "pk": 580, "fields": {"question_test": 166, "answer": 7, "order_id": 3}}, {"model": "tests_study.answertest", "pk": 581, "fields": {"question_test": 166, "answer": 6, "order_id": 4}}, {"model": "tests_study.answertest", "pk": 582, "fields": {"question_test": 167, "answer": 12, "order_id": 1}}, {"model": "tests_study.answertest", "pk": 583, "fields": {"question_test": 167, "answer": 15, "order_id": 2}}, {"model": "tests_study.answertest", "pk": 584, "fields": {"question_test": 167, "answer": 14, "order_id": 3}}, {"model": "tests_study.answertest", "pk": 585, "fields": {"question_test": 167, "answer": 13, "order_id": 4}}, {"model": "tests_study.answertest", "pk": 586, "fields": {"question_test": 168, "answer": 7, "order_id": 1}}, {"model": "tests_study.answertest", "pk": 587, "fields": {"question_test": 168, "answer": 5, "order_id": 2}}, {"model": "tests_study.answertest", "pk": 588, "fields": {"question_test": 168, "answer": 4, "order_id": 3}}, {"model": "tests_study.answertest", "pk": 589, "fields": {"question_test": 168, "answer": 6, "order_id": 4}}, {"model": "tests_study.answertest", "pk": 590, "fields": {"question_test": 169, "answer": 30, "order_id": 1}}, {"model": "tests_study.answertest", "pk": 591, "fields": {"question_test": 169, "answer": 29, "order_id": 2}}, {"model": "tests_study.answertest", "pk": 592, "fields": {"question_test": 169, "answer": 31, "order_id": 3}}, {"model": "tests_study.answertest", "pk": 593, "fields": {"question_test": 169, "answer": 32, "order_id": 4}}, {"model": "tests_study.answertest", "pk": 594, "fields": {"question_test": 170, "answer": 26, "order_id": 1}}, {"model": "tests_study.answertest", "pk": 595, "fields": {"question_test": 170, "answer": 27, "order_id": 2}}, {"model": "tests_study.answertest", "pk": 596, "fields": {"question_test": 170, "answer": 25, "order_id": 3}}, {"model": "tests_study.answertest", "pk": 597, "fields": {"question_test": 170, "answer": 28, "order_id": 4}}, {"model": "tests_study.answertest", "pk": 598, "fields": {"question_test": 171, "answer": 27, "order_id": 1}}, {"model": "tests_study.answertest", "pk": 599, "fields": {"question_test": 171, "answer": 25, "order_id": 2}}, {"model": "tests_study.answertest", "pk": 600, "fields": {"question_test": 171, "answer": 28, "order_id": 3}}, {"model": "tests_study.answertest", "pk": 601, "fields": {"question_test": 171, "answer": 26, "order_id": 4}}, {"model": "tests_study.answertest", "pk": 602, "fields": {"question_test": 172, "answer": 37, "order_id": 1}}, {"model": "tests_study.answertest", "pk": 603, "fields": {"question_test": 172, "answer": 40, "order_id": 2}}, {"model": "tests_study.answertest", "pk": 604, "fields": {"question_test": 172, "answer": 39, "order_id": 3}}, {"model": "tests_study.answertest", "pk": 605, "fields": {"question_test": 172, "answer": 38, "order_id": 4}}, {"model": "tests_study.answertest", "pk": 606, "fields": {"question_test": 173, "answer": 8, "order_id": 1}}, {"model": "tests_study.answertest", "pk": 607, "fields": {"question_test": 173, "answer": 9, "order_id": 2}}, {"model": "tests_study.answertest", "pk": 608, "fields": {"question_test": 173, "answer": 10, "order_id": 3}}, {"model": "tests_study.answertest", "pk": 609, "fields": {"question_test": 173, "answer": 11, "order_id": 4}}, {"model": "tests_study.answertest", "pk": 610, "fields": {"question_test": 174, "answer": 34, "order_id": 1}}, {"model": "tests_study.answertest", "pk": 611, "fields": {"question_test": 174, "answer": 35, "order_id": 2}}, {"model": "tests_study.answertest", "pk": 612, "fields": {"question_test": 174, "answer": 36, "order_id": 3}}, {"model": "tests_study.answertest", "pk": 613, "fields": {"question_test": 174, "answer": 33, "order_id": 4}}, {"model": "tests_study.answertest", "pk": 614, "fields": {"question_test": 175, "answer": 13, "order_id": 1}}, {"model": "tests_study.answertest", "pk": 615, "fields": {"question_test": 175, "answer": 12, "order_id": 2}}, {"model": "tests_study.answertest", "pk": 616, "fields": {"question_test": 175, "answer": 15, "order_id": 3}}, {"model": "tests_study.answertest", "pk": 617, "fields": {"question_test": 175, "answer": 14, "order_id": 4}}, {"model": "tests_study.answertest", "pk": 618, "fields": {"question_test": 176, "answer": 42, "order_id": 1}}, {"model": "tests_study.answertest", "pk": 619, "fields": {"question_test": 176, "answer": 43, "order_id": 2}}, {"model": "tests_study.answertest", "pk": 620, "fields": {"question_test": 176, "answer": 41, "order_id": 3}}, {"model": "tests_study.answertest", "pk": 621, "fields": {"question_test": 176, "answer": 44, "order_id": 4}}, {"model": "tests_study.answertest", "pk": 622, "fields": {"question_test": 177, "answer": 66, "order_id": 1}}, {"model": "tests_study.answertest", "pk": 623, "fields": {"question_test": 177, "answer": 67, "order_id": 2}}, {"model": "tests_study.answertest", "pk": 624, "fields": {"question_test": 177, "answer": 65, "order_id": 3}}, {"model": "tests_study.answertest", "pk": 625, "fields": {"question_test": 177, "answer": 68, "order_id": 4}}, {"model": "tests_study.answertest", "pk": 626, "fields": {"question_test": 178, "answer": 61, "order_id": 1}}, {"model": "tests_study.answertest", "pk": 627, "fields": {"question_test": 178, "answer": 64, "order_id": 2}}, {"model": "tests_study.answertest", "pk": 628, "fields": {"question_test": 178, "answer": 63, "order_id": 3}}, {"model": "tests_study.answertest", "pk": 629, "fields": {"question_test": 178, "answer": 62, "order_id": 4}}, {"model": "tests_study.answertest", "pk": 630, "fields": {"question_test": 179, "answer": 128, "order_id": 1}}, {"model": "tests_study.answertest", "pk": 631, "fields": {"question_test": 179, "answer": 126, "order_id": 2}}, {"model": "tests_study.answertest", "pk": 632, "fields": {"question_test": 179, "answer": 125, "order_id": 3}}, {"model": "tests_study.answertest", "pk": 633, "fields": {"question_test": 179, "answer": 127, "order_id": 4}}, {"model": "tests_study.answertest", "pk": 634, "fields": {"question_test": 180, "answer": 109, "order_id": 1}}, {"model": "tests_study.answertest", "pk": 635, "fields": {"question_test": 180, "answer": 110, "order_id": 2}}, {"model": "tests_study.answertest", "pk": 636, "fields": {"question_test": 180, "answer": 112, "order_id": 3}}, {"model": "tests_study.answertest", "pk": 637, "fields": {"question_test": 180, "answer": 111, "order_id": 4}}, {"model": "tests_study.answertest", "pk": 638, "fields": {"question_test": 181, "answer": 13, "order_id": 1}}, {"model": "tests_study.answertest", "pk": 639, "fields": {"question_test": 181, "answer": 12, "order_id": 2}}, {"model": "tests_study.answertest", "pk": 640, "fields": {"question_test": 181, "answer": 15, "order_id": 3}}, {"model": "tests_study.answertest", "pk": 641, "fields": {"question_test": 181, "answer": 14, "order_id": 4}}, {"model": "tests_study.answertest", "pk": 642, "fields": {"question_test": 182, "answer": 40, "order_id": 1}}, {"model": "tests_study.answertest", "pk": 643, "fields": {"question_test": 182, "answer": 39, "order_id": 2}}, {"model": "tests_study.answertest", "pk": 644, "fields": {"question_test": 182, "answer": 38, "order_id": 3}}, {"model": "tests_study.answertest", "pk": 645, "fields": {"question_test": 182, "answer": 37, "order_id": 4}}, {"model": "tests_study.answertest", "pk": 646, "fields": {"question_test": 183, "answer": 32, "order_id": 1}}, {"model": "tests_study.answertest", "pk": 647, "fields": {"question_test": 183, "answer": 30, "order_id": 2}}, {"model": "tests_study.answertest", "pk": 648, "fields": {"question_test": 183, "answer": 31, "order_id": 3}}, {"model": "tests_study.answertest", "pk": 649, "fields": {"question_test": 183, "answer": 29, "order_id": 4}}, {"model": "tests_study.answertest", "pk": 650, "fields": {"question_test": 184, "answer": 34, "order_id": 1}}, {"model": "tests_study.answertest", "pk": 651, "fields": {"question_test": 184, "answer": 35, "order_id": 2}}, {"model": "tests_study.answertest", "pk": 652, "fields": {"question_test": 184, "answer": 33, "order_id": 3}}, {"model": "tests_study.answertest", "pk": 653, "fields": {"question_test": 184, "answer": 36, "order_id": 4}}, {"model": "tests_study.answertest", "pk": 654, "fields": {"question_test": 185, "answer": 39, "order_id": 1}}, {"model": "tests_study.answertest", "pk": 655, "fields": {"question_test": 185, "answer": 38, "order_id": 2}}, {"model": "tests_study.answertest", "pk": 656, "fields": {"question_test": 185, "answer": 40, "order_id": 3}}, {"model": "tests_study.answertest", "pk": 657, "fields": {"question_test": 185, "answer": 37, "order_id": 4}}, {"model": "tests_study.answertest", "pk": 658, "fields": {"question_test": 186, "answer": 11, "order_id": 1}}, {"model": "tests_study.answertest", "pk": 659, "fields": {"question_test": 186, "answer": 10, "order_id": 2}}, {"model": "tests_study.answertest", "pk": 660, "fields": {"question_test": 186, "answer": 8, "order_id": 3}}, {"model": "tests_study.answertest", "pk": 661, "fields": {"question_test": 186, "answer": 9, "order_id": 4}}, {"model": "tests_study.answertest", "pk": 662, "fields": {"question_test": 187, "answer": 39, "order_id": 1}}, {"model": "tests_study.answertest", "pk": 663, "fields": {"question_test": 187, "answer": 40, "order_id": 2}}, {"model": "tests_study.answertest", "pk": 664, "fields": {"question_test": 187, "answer": 37, "order_id": 3}}, {"model": "tests_study.answertest", "pk": 665, "fields": {"question_test": 187, "answer": 38, "order_id": 4}}, {"model": "tests_study.answertest", "pk": 666, "fields": {"question_test": 188, "answer": 27, "order_id": 1}}, {"model": "tests_study.answertest", "pk": 667, "fields": {"question_test": 188, "answer": 28, "order_id": 2}}, {"model": "tests_study.answertest", "pk": 668, "fields": {"question_test": 188, "answer": 26, "order_id": 3}}, {"model": "tests_study.answertest", "pk": 669, "fields": {"question_test": 188, "answer": 25, "order_id": 4}}, {"model": "tests_study.answertest", "pk": 670, "fields": {"question_test": 189, "answer": 42, "order_id": 1}}, {"model": "tests_study.answertest", "pk": 671, "fields": {"question_test": 189, "answer": 43, "order_id": 2}}, {"model": "tests_study.answertest", "pk": 672, "fields": {"question_test": 189, "answer": 44, "order_id": 3}}, {"model": "tests_study.answertest", "pk": 673, "fields": {"question_test": 189, "answer": 41, "order_id": 4}}, {"model": "tests_study.answertest", "pk": 674, "fields": {"question_test": 190, "answer": 41, "order_id": 1}}, {"model": "tests_study.answertest", "pk": 675, "fields": {"question_test": 190, "answer": 44, "order_id": 2}}, {"model": "tests_study.answertest", "pk": 676, "fields": {"question_test": 190, "answer": 43, "order_id": 3}}, {"model": "tests_study.answertest", "pk": 677, "fields": {"question_test": 190, "answer": 42, "order_id": 4}}, {"model": "tests_study.answertest", "pk": 678, "fields": {"question_test": 191, "answer": 14, "order_id": 1}}, {"model": "tests_study.answertest", "pk": 679, "fields": {"question_test": 191, "answer": 12, "order_id": 2}}, {"model": "tests_study.answertest", "pk": 680, "fields": {"question_test": 191, "answer": 13, "order_id": 3}}, {"model": "tests_study.answertest", "pk": 681, "fields": {"question_test": 191, "answer": 15, "order_id": 4}}, {"model": "tests_study.answertest", "pk": 682, "fields": {"question_test": 192, "answer": 28, "order_id": 1}}, {"model": "tests_study.answertest", "pk": 683, "fields": {"question_test": 192, "answer": 26, "order_id": 2}}, {"model": "tests_study.answertest", "pk": 684, "fields": {"question_test": 192, "answer": 27, "order_id": 3}}, {"model": "tests_study.answertest", "pk": 685, "fields": {"question_test": 192, "answer": 25, "order_id": 4}}, {"model": "tests_study.answertest", "pk": 695, "fields": {"question_test": 220, "answer": 5, "order_id": 1}}, {"model": "tests_study.answertest", "pk": 696, "fields": {"question_test": 220, "answer": 4, "order_id": 2}}, {"model": "tests_study.answertest", "pk": 697, "fields": {"question_test": 220, "answer": 6, "order_id": 3}}, {"model": "tests_study.answertest", "pk": 698, "fields": {"question_test": 220, "answer": 7, "order_id": 4}}, {"model": "tests_study.answertest", "pk": 699, "fields": {"question_test": 221, "answer": 9, "order_id": 1}}, {"model": "tests_study.answertest", "pk": 700, "fields": {"question_test": 221, "answer": 11, "order_id": 2}}, {"model": "tests_study.answertest", "pk": 701, "fields": {"question_test": 221, "answer": 8, "order_id": 3}}, {"model": "tests_study.answertest", "pk": 702, "fields": {"question_test": 221, "answer": 10, "order_id": 4}}, {"model": "tests_study.answertest", "pk": 703, "fields": {"question_test": 222, "answer": 15, "order_id": 1}}, {"model": "tests_study.answertest", "pk": 704, "fields": {"question_test": 222, "answer": 14, "order_id": 2}}, {"model": "tests_study.answertest", "pk": 705, "fields": {"question_test": 222, "answer": 12, "order_id": 3}}, {"model": "tests_study.answertest", "pk": 706, "fields": {"question_test": 222, "answer": 13, "order_id": 4}}, {"model": "tests_study.answertest", "pk": 707, "fields": {"question_test": 223, "answer": 29, "order_id": 1}}, {"model": "tests_study.answertest", "pk": 708, "fields": {"question_test": 223, "answer": 31, "order_id": 2}}, {"model": "tests_study.answertest", "pk": 709, "fields": {"question_test": 223, "answer": 32, "order_id": 3}}, {"model": "tests_study.answertest", "pk": 710, "fields": {"question_test": 223, "answer": 30, "order_id": 4}}, {"model": "tests_study.answertest", "pk": 711, "fields": {"question_test": 224, "answer": 26, "order_id": 1}}, {"model": "tests_study.answertest", "pk": 712, "fields": {"question_test": 224, "answer": 28, "order_id": 2}}, {"model": "tests_study.answertest", "pk": 713, "fields": {"question_test": 224, "answer": 25, "order_id": 3}}, {"model": "tests_study.answertest", "pk": 714, "fields": {"question_test": 224, "answer": 27, "order_id": 4}}, {"model": "tests_study.answertest", "pk": 715, "fields": {"question_test": 225, "answer": 15, "order_id": 1}}, {"model": "tests_study.answertest", "pk": 716, "fields": {"question_test": 225, "answer": 14, "order_id": 2}}, {"model": "tests_study.answertest", "pk": 717, "fields": {"question_test": 225, "answer": 13, "order_id": 3}}, {"model": "tests_study.answertest", "pk": 718, "fields": {"question_test": 225, "answer": 12, "order_id": 4}}, {"model": "tests_study.answertest", "pk": 719, "fields": {"question_test": 226, "answer": 32, "order_id": 1}}, {"model": "tests_study.answertest", "pk": 720, "fields": {"question_test": 226, "answer": 30, "order_id": 2}}, {"model": "tests_study.answertest", "pk": 721, "fields": {"question_test": 226, "answer": 29, "order_id": 3}}, {"model": "tests_study.answertest", "pk": 722, "fields": {"question_test": 226, "answer": 31, "order_id": 4}}, {"model": "tests_study.answertest", "pk": 723, "fields": {"question_test": 227, "answer": 44, "order_id": 1}}, {"model": "tests_study.answertest", "pk": 724, "fields": {"question_test": 227, "answer": 42, "order_id": 2}}, {"model": "tests_study.answertest", "pk": 725, "fields": {"question_test": 227, "answer": 43, "order_id": 3}}, {"model": "tests_study.answertest", "pk": 726, "fields": {"question_test": 227, "answer": 41, "order_id": 4}}, {"model": "tests_study.answertest", "pk": 727, "fields": {"question_test": 228, "answer": 28, "order_id": 1}}, {"model": "tests_study.answertest", "pk": 728, "fields": {"question_test": 228, "answer": 27, "order_id": 2}}, {"model": "tests_study.answertest", "pk": 729, "fields": {"question_test": 228, "answer": 26, "order_id": 3}}, {"model": "tests_study.answertest", "pk": 730, "fields": {"question_test": 228, "answer": 25, "order_id": 4}}, {"model": "tests_study.answertest", "pk": 731, "fields": {"question_test": 229, "answer": 5, "order_id": 1}}, {"model": "tests_study.answertest", "pk": 732, "fields": {"question_test": 229, "answer": 4, "order_id": 2}}, {"model": "tests_study.answertest", "pk": 733, "fields": {"question_test": 229, "answer": 7, "order_id": 3}}, {"model": "tests_study.answertest", "pk": 734, "fields": {"question_test": 229, "answer": 6, "order_id": 4}}, {"model": "tests_study.answertest", "pk": 735, "fields": {"question_test": 230, "answer": 11, "order_id": 1}}, {"model": "tests_study.answertest", "pk": 736, "fields": {"question_test": 230, "answer": 10, "order_id": 2}}, {"model": "tests_study.answertest", "pk": 737, "fields": {"question_test": 230, "answer": 9, "order_id": 3}}, {"model": "tests_study.answertest", "pk": 738, "fields": {"question_test": 230, "answer": 8, "order_id": 4}}, {"model": "tests_study.answertest", "pk": 739, "fields": {"question_test": 231, "answer": 36, "order_id": 1}}, {"model": "tests_study.answertest", "pk": 740, "fields": {"question_test": 231, "answer": 34, "order_id": 2}}, {"model": "tests_study.answertest", "pk": 741, "fields": {"question_test": 231, "answer": 33, "order_id": 3}}, {"model": "tests_study.answertest", "pk": 742, "fields": {"question_test": 231, "answer": 35, "order_id": 4}}, {"model": "tests_study.answertest", "pk": 743, "fields": {"question_test": 232, "answer": 5, "order_id": 1}}, {"model": "tests_study.answertest", "pk": 744, "fields": {"question_test": 232, "answer": 4, "order_id": 2}}, {"model": "tests_study.answertest", "pk": 745, "fields": {"question_test": 232, "answer": 6, "order_id": 3}}, {"model": "tests_study.answertest", "pk": 746, "fields": {"question_test": 232, "answer": 7, "order_id": 4}}, {"model": "tests_study.answertest", "pk": 747, "fields": {"question_test": 233, "answer": 43, "order_id": 1}}, {"model": "tests_study.answertest", "pk": 748, "fields": {"question_test": 233, "answer": 42, "order_id": 2}}, {"model": "tests_study.answertest", "pk": 749, "fields": {"question_test": 233, "answer": 41, "order_id": 3}}, {"model": "tests_study.answertest", "pk": 750, "fields": {"question_test": 233, "answer": 44, "order_id": 4}}, {"model": "tests_study.answertest", "pk": 751, "fields": {"question_test": 234, "answer": 10, "order_id": 1}}, {"model": "tests_study.answertest", "pk": 752, "fields": {"question_test": 234, "answer": 9, "order_id": 2}}, {"model": "tests_study.answertest", "pk": 753, "fields": {"question_test": 234, "answer": 11, "order_id": 3}}, {"model": "tests_study.answertest", "pk": 754, "fields": {"question_test": 234, "answer": 8, "order_id": 4}}, {"model": "tests_study.answertest", "pk": 755, "fields": {"question_test": 235, "answer": 4, "order_id": 1}}, {"model": "tests_study.answertest", "pk": 756, "fields": {"question_test": 235, "answer": 6, "order_id": 2}}, {"model": "tests_study.answertest", "pk": 757, "fields": {"question_test": 235, "answer": 5, "order_id": 3}}, {"model": "tests_study.answertest", "pk": 758, "fields": {"question_test": 235, "answer": 7, "order_id": 4}}, {"model": "tests_study.answertest", "pk": 759, "fields": {"question_test": 236, "answer": 28, "order_id": 1}}, {"model": "tests_study.answertest", "pk": 760, "fields": {"question_test": 236, "answer": 25, "order_id": 2}}, {"model": "tests_study.answertest", "pk": 761, "fields": {"question_test": 236, "answer": 27, "order_id": 3}}, {"model": "tests_study.answertest", "pk": 762, "fields": {"question_test": 236, "answer": 26, "order_id": 4}}, {"model": "tests_study.answertest", "pk": 763, "fields": {"question_test": 237, "answer": 11, "order_id": 1}}, {"model": "tests_study.answertest", "pk": 764, "fields": {"question_test": 237, "answer": 8, "order_id": 2}}, {"model": "tests_study.answertest", "pk": 765, "fields": {"question_test": 237, "answer": 9, "order_id": 3}}, {"model": "tests_study.answertest", "pk": 766, "fields": {"question_test": 237, "answer": 10, "order_id": 4}}, {"model": "tests_study.answertest", "pk": 767, "fields": {"question_test": 238, "answer": 32, "order_id": 1}}, {"model": "tests_study.answertest", "pk": 768, "fields": {"question_test": 238, "answer": 31, "order_id": 2}}, {"model": "tests_study.answertest", "pk": 769, "fields": {"question_test": 238, "answer": 29, "order_id": 3}}, {"model": "tests_study.answertest", "pk": 770, "fields": {"question_test": 238, "answer": 30, "order_id": 4}}, {"model": "tests_study.answertest", "pk": 771, "fields": {"question_test": 239, "answer": 11, "order_id": 1}}, {"model": "tests_study.answertest", "pk": 772, "fields": {"question_test": 239, "answer": 9, "order_id": 2}}, {"model": "tests_study.answertest", "pk": 773, "fields": {"question_test": 239, "answer": 10, "order_id": 3}}, {"model": "tests_study.answertest", "pk": 774, "fields": {"question_test": 239, "answer": 8, "order_id": 4}}, {"model": "tests_study.answertest", "pk": 775, "fields": {"question_test": 240, "answer": 41, "order_id": 1}}, {"model": "tests_study.answertest", "pk": 776, "fields": {"question_test": 240, "answer": 44, "order_id": 2}}, {"model": "tests_study.answertest", "pk": 777, "fields": {"question_test": 240, "answer": 43, "order_id": 3}}, {"model": "tests_study.answertest", "pk": 778, "fields": {"question_test": 240, "answer": 42, "order_id": 4}}, {"model": "tests_study.answertest", "pk": 779, "fields": {"question_test": 241, "answer": 11, "order_id": 1}}, {"model": "tests_study.answertest", "pk": 780, "fields": {"question_test": 241, "answer": 9, "order_id": 2}}, {"model": "tests_study.answertest", "pk": 781, "fields": {"question_test": 241, "answer": 8, "order_id": 3}}, {"model": "tests_study.answertest", "pk": 782, "fields": {"question_test": 241, "answer": 10, "order_id": 4}}, {"model": "tests_study.answertest", "pk": 783, "fields": {"question_test": 242, "answer": 35, "order_id": 1}}, {"model": "tests_study.answertest", "pk": 784, "fields": {"question_test": 242, "answer": 33, "order_id": 2}}, {"model": "tests_study.answertest", "pk": 785, "fields": {"question_test": 242, "answer": 34, "order_id": 3}}, {"model": "tests_study.answertest", "pk": 786, "fields": {"question_test": 242, "answer": 36, "order_id": 4}}, {"model": "tests_study.answertest", "pk": 787, "fields": {"question_test": 243, "answer": 31, "order_id": 1}}, {"model": "tests_study.answertest", "pk": 788, "fields": {"question_test": 243, "answer": 30, "order_id": 2}}, {"model": "tests_study.answertest", "pk": 789, "fields": {"question_test": 243, "answer": 29, "order_id": 3}}, {"model": "tests_study.answertest", "pk": 790, "fields": {"question_test": 243, "answer": 32, "order_id": 4}}, {"model": "tests_study.answertest", "pk": 791, "fields": {"question_test": 244, "answer": 29, "order_id": 1}}, {"model": "tests_study.answertest", "pk": 792, "fields": {"question_test": 244, "answer": 31, "order_id": 2}}, {"model": "tests_study.answertest", "pk": 793, "fields": {"question_test": 244, "answer": 30, "order_id": 3}}, {"model": "tests_study.answertest", "pk": 794, "fields": {"question_test": 244, "answer": 32, "order_id": 4}}, {"model": "tests_study.answertest", "pk": 795, "fields": {"question_test": 245, "answer": 26, "order_id": 1}}, {"model": "tests_study.answertest", "pk": 796, "fields": {"question_test": 245, "answer": 27, "order_id": 2}}, {"model": "tests_study.answertest", "pk": 797, "fields": {"question_test": 245, "answer": 25, "order_id": 3}}, {"model": "tests_study.answertest", "pk": 798, "fields": {"question_test": 245, "answer": 28, "order_id": 4}}, {"model": "tests_study.answertest", "pk": 799, "fields": {"question_test": 246, "answer": 38, "order_id": 1}}, {"model": "tests_study.answertest", "pk": 800, "fields": {"question_test": 246, "answer": 39, "order_id": 2}}, {"model": "tests_study.answertest", "pk": 801, "fields": {"question_test": 246, "answer": 40, "order_id": 3}}, {"model": "tests_study.answertest", "pk": 802, "fields": {"question_test": 246, "answer": 37, "order_id": 4}}, {"model": "tests_study.answertest", "pk": 803, "fields": {"question_test": 247, "answer": 33, "order_id": 1}}, {"model": "tests_study.answertest", "pk": 804, "fields": {"question_test": 247, "answer": 34, "order_id": 2}}, {"model": "tests_study.answertest", "pk": 805, "fields": {"question_test": 247, "answer": 36, "order_id": 3}}, {"model": "tests_study.answertest", "pk": 806, "fields": {"question_test": 247, "answer": 35, "order_id": 4}}, {"model": "tests_study.answertest", "pk": 807, "fields": {"question_test": 248, "answer": 43, "order_id": 1}}, {"model": "tests_study.answertest", "pk": 808, "fields": {"question_test": 248, "answer": 42, "order_id": 2}}, {"model": "tests_study.answertest", "pk": 809, "fields": {"question_test": 248, "answer": 41, "order_id": 3}}, {"model": "tests_study.answertest", "pk": 810, "fields": {"question_test": 248, "answer": 44, "order_id": 4}}, {"model": "tests_study.answertest", "pk": 811, "fields": {"question_test": 249, "answer": 27, "order_id": 1}}, {"model": "tests_study.answertest", "pk": 812, "fields": {"question_test": 249, "answer": 25, "order_id": 2}}, {"model": "tests_study.answertest", "pk": 813, "fields": {"question_test": 249, "answer": 26, "order_id": 3}}, {"model": "tests_study.answertest", "pk": 814, "fields": {"question_test": 249, "answer": 28, "order_id": 4}}, {"model": "tests_study.answertest", "pk": 815, "fields": {"question_test": 250, "answer": 7, "order_id": 1}}, {"model": "tests_study.answertest", "pk": 816, "fields": {"question_test": 250, "answer": 4, "order_id": 2}}, {"model": "tests_study.answertest", "pk": 817, "fields": {"question_test": 250, "answer": 5, "order_id": 3}}, {"model": "tests_study.answertest", "pk": 818, "fields": {"question_test": 250, "answer": 6, "order_id": 4}}, {"model": "tests_study.answertest", "pk": 819, "fields": {"question_test": 251, "answer": 29, "order_id": 1}}, {"model": "tests_study.answertest", "pk": 820, "fields": {"question_test": 251, "answer": 32, "order_id": 2}}, {"model": "tests_study.answertest", "pk": 821, "fields": {"question_test": 251, "answer": 30, "order_id": 3}}, {"model": "tests_study.answertest", "pk": 822, "fields": {"question_test": 251, "answer": 31, "order_id": 4}}, {"model": "tests_study.answertest", "pk": 823, "fields": {"question_test": 252, "answer": 42, "order_id": 1}}, {"model": "tests_study.answertest", "pk": 824, "fields": {"question_test": 252, "answer": 43, "order_id": 2}}, {"model": "tests_study.answertest", "pk": 825, "fields": {"question_test": 252, "answer": 44, "order_id": 3}}, {"model": "tests_study.answertest", "pk": 826, "fields": {"question_test": 252, "answer": 41, "order_id": 4}}, {"model": "tests_study.answertest", "pk": 827, "fields": {"question_test": 253, "answer": 11, "order_id": 1}}, {"model": "tests_study.answertest", "pk": 828, "fields": {"question_test": 253, "answer": 10, "order_id": 2}}, {"model": "tests_study.answertest", "pk": 829, "fields": {"question_test": 253, "answer": 8, "order_id": 3}}, {"model": "tests_study.answertest", "pk": 830, "fields": {"question_test": 253, "answer": 9, "order_id": 4}}, {"model": "tests_study.answertest", "pk": 831, "fields": {"question_test": 254, "answer": 37, "order_id": 1}}, {"model": "tests_study.answertest", "pk": 832, "fields": {"question_test": 254, "answer": 39, "order_id": 2}}, {"model": "tests_study.answertest", "pk": 833, "fields": {"question_test": 254, "answer": 38, "order_id": 3}}, {"model": "tests_study.answertest", "pk": 834, "fields": {"question_test": 254, "answer": 40, "order_id": 4}}, {"model": "tests_study.answertest", "pk": 835, "fields": {"question_test": 255, "answer": 42, "order_id": 1}}, {"model": "tests_study.answertest", "pk": 836, "fields": {"question_test": 255, "answer": 44, "order_id": 2}}, {"model": "tests_study.answertest", "pk": 837, "fields": {"question_test": 255, "answer": 43, "order_id": 3}}, {"model": "tests_study.answertest", "pk": 838, "fields": {"question_test": 255, "answer": 41, "order_id": 4}}, {"model": "tests_study.answertest", "pk": 839, "fields": {"question_test": 256, "answer": 41, "order_id": 1}}, {"model": "tests_study.answertest", "pk": 840, "fields": {"question_test": 256, "answer": 42, "order_id": 2}}, {"model": "tests_study.answertest", "pk": 841, "fields": {"question_test": 256, "answer": 43, "order_id": 3}}, {"model": "tests_study.answertest", "pk": 842, "fields": {"question_test": 256, "answer": 44, "order_id": 4}}, {"model": "tests_study.answertest", "pk": 843, "fields": {"question_test": 257, "answer": 32, "order_id": 1}}, {"model": "tests_study.answertest", "pk": 844, "fields": {"question_test": 257, "answer": 29, "order_id": 2}}, {"model": "tests_study.answertest", "pk": 845, "fields": {"question_test": 257, "answer": 30, "order_id": 3}}, {"model": "tests_study.answertest", "pk": 846, "fields": {"question_test": 257, "answer": 31, "order_id": 4}}, {"model": "tests_study.answertest", "pk": 847, "fields": {"question_test": 258, "answer": 12, "order_id": 1}}, {"model": "tests_study.answertest", "pk": 848, "fields": {"question_test": 258, "answer": 15, "order_id": 2}}, {"model": "tests_study.answertest", "pk": 849, "fields": {"question_test": 258, "answer": 13, "order_id": 3}}, {"model": "tests_study.answertest", "pk": 850, "fields": {"question_test": 258, "answer": 14, "order_id": 4}}, {"model": "tests_study.answertest", "pk": 851, "fields": {"question_test": 259, "answer": 30, "order_id": 1}}, {"model": "tests_study.answertest", "pk": 852, "fields": {"question_test": 259, "answer": 31, "order_id": 2}}, {"model": "tests_study.answertest", "pk": 853, "fields": {"question_test": 259, "answer": 29, "order_id": 3}}, {"model": "tests_study.answertest", "pk": 854, "fields": {"question_test": 259, "answer": 32, "order_id": 4}}, {"model": "tests_study.answertest", "pk": 855, "fields": {"question_test": 260, "answer": 5, "order_id": 1}}, {"model": "tests_study.answertest", "pk": 856, "fields": {"question_test": 260, "answer": 6, "order_id": 2}}, {"model": "tests_study.answertest", "pk": 857, "fields": {"question_test": 260, "answer": 4, "order_id": 3}}, {"model": "tests_study.answertest", "pk": 858, "fields": {"question_test": 260, "answer": 7, "order_id": 4}}, {"model": "tests_study.answertest", "pk": 859, "fields": {"question_test": 261, "answer": 10, "order_id": 1}}, {"model": "tests_study.answertest", "pk": 860, "fields": {"question_test": 261, "answer": 9, "order_id": 2}}, {"model": "tests_study.answertest", "pk": 861, "fields": {"question_test": 261, "answer": 11, "order_id": 3}}, {"model": "tests_study.answertest", "pk": 862, "fields": {"question_test": 261, "answer": 8, "order_id": 4}}]